#"Step","Time (ps)","Potential Energy (kJ/mole)","Temperature (K)","Speed (ns/day)"
52500,104.99999999993669,-3090344.852992179,299.3698372328483,0
55000,109.99999999992504,-3092624.3163353987,301.4518054305478,132
57500,114.99999999991338,-3093725.6443760823,299.85151278791847,137
60000,119.99999999990173,-3095889.3745416924,300.0555193854741,139
62500,124.99999999989008,-3095908.284990687,300.7770791368996,139
65000,129.99999999989262,-3095625.1157534774,301.3211122634159,138
67500,134.9999999999165,-3092010.3834971115,300.0729394906351,138
70000,139.99999999994037,-3095565.3277825303,300.4592834838378,137
72500,144.99999999996425,-3096657.117335951,301.0173323015007,137
75000,149.99999999998812,-3096965.8757112324,300.65975735354886,138
77500,155.000000000012,-3094065.3880662937,299.3452159771346,137
80000,160.00000000003587,-3093346.3899788577,301.2530521996565,137
82500,165.00000000005974,-3096743.953698583,300.68909599600414,137
85000,170.00000000008362,-3095428.083094077,300.66107213645597,137
87500,175.0000000001075,-3093295.444687506,300.4598961051043,137
90000,180.00000000013137,-3092689.160729956,300.19278195396413,138
92500,185.00000000015524,-3095761.4962992463,300.4463574412798,137
95000,190.0000000001791,-3092992.3757979088,300.0998432856533,138
97500,195.000000000203,-3093129.653544953,298.9342062099072,137
100000,200.00000000022686,-3092032.4803933334,300.4741074359211,137
102500,205.00000000025074,-3094570.351821268,300.46479160465464,137
105000,210.0000000002746,-3093054.245559698,299.9037984234717,137
107500,215.00000000029848,-3096322.0487600435,300.0268317779402,137
110000,220.00000000032236,-3097548.3390226867,299.71677669263545,137
112500,225.00000000034623,-3093888.036103066,300.9617456029774,137
115000,230.0000000003701,-3096222.988735171,299.73131603138455,137
117500,235.00000000039398,-3092534.0594730806,300.4226140226139,137
120000,240.00000000041786,-3096669.001300182,299.55286582224306,137
122500,245.00000000044173,-3095044.104966387,298.80632511066455,137
125000,250.0000000004656,-3094376.741805522,300.0731320655592,137
127500,255.00000000048948,-3095890.1071026735,299.20544709753676,137
130000,260.00000000051335,-3093795.4726078585,300.12128188560825,137
132500,265.0000000005372,-3095207.630963046,299.7016933287548,137
135000,270.0000000005611,-3091989.837631261,300.23527462754055,137
137500,275.000000000585,-3094514.020731747,300.1068845569566,137
140000,280.00000000060885,-3093104.0993690956,301.1521559392966,137
142500,285.0000000006327,-3098574.5659908205,300.1814528115736,137
145000,290.0000000006566,-3095525.8028833736,299.84157838490376,137
147500,295.0000000006805,-3095626.0170505233,300.3571527521042,137
150000,300.00000000070435,-3093116.148343811,300.793956869039,137
152500,305.0000000007282,-3098791.0972840134,300.6801074570974,137
155000,310.0000000007521,-3092750.0750267636,299.92668526789214,136
157500,315.00000000077597,-3093889.4753200393,300.02600251485273,136
160000,320.00000000079984,-3094170.2115383167,299.5459887068095,136
162500,325.0000000008237,-3092924.7396632303,300.03560183496353,136
165000,330.0000000008476,-3093365.6946255676,301.28676779094866,136
167500,335.00000000087147,-3096547.061838435,300.9181164688651,136
170000,340.00000000089534,-3092407.8991589174,300.144821776768,136
172500,345.0000000009192,-3095147.4409489166,300.2200119695627,136
175000,350.0000000009431,-3094686.119654868,299.59134205829156,136
177500,355.00000000096696,-3097316.1902948543,298.81747740752735,136
180000,360.00000000099084,-3096152.2476346735,300.25617854002877,136
182500,365.0000000010147,-3093857.4971895125,300.68597117459547,136
185000,370.0000000010386,-3092322.1329567675,300.64408990768334,136
187500,375.00000000106246,-3093081.1941984743,300.5442292546538,136
190000,380.00000000108633,-3095962.5599617884,299.905745984984,136
192500,385.0000000011102,-3095913.6261018924,298.74855578090614,136
195000,390.0000000011341,-3095764.852579009,300.99854078316235,136
197500,395.00000000115796,-3096183.853377763,299.32315090690724,136
200000,400.00000000118183,-3094881.0016277153,300.25476398270683,136
202500,405.0000000012057,-3095595.0571277626,300.35074125902776,136
205000,410.0000000012296,-3094004.0562883504,300.3730370472165,136
207500,415.00000000125345,-3094069.0539821833,300.71418068526714,136
210000,420.00000000127733,-3092897.3915846664,300.4778784087289,136
212500,425.0000000013012,-3093032.5403620247,301.1888525995432,136
215000,430.0000000013251,-3091395.797515491,299.63787784351234,136
217500,435.00000000134895,-3095488.8331284486,300.34480130912016,136
220000,440.0000000013728,-3092745.1080035456,300.1239065479815,136
222500,445.0000000013967,-3092701.099092761,300.21459169756264,136
225000,450.0000000014206,-3094646.2425465845,301.65726684692146,136
227500,455.00000000144445,-3095113.7943103444,301.0979063857934,136
230000,460.0000000014683,-3093324.098286001,300.82200348802667,136
232500,465.0000000014922,-3097818.2957205735,300.0496002297688,136
235000,470.00000000151607,-3094688.64103839,299.8646012929887,136
237500,475.00000000153995,-3094095.018694047,300.00691396088394,136
240000,480.0000000015638,-3094574.3776157275,300.73534056508635,136
242500,485.0000000015877,-3094622.099882558,299.8481018782246,136
245000,490.00000000161157,-3094572.377424987,299.0669618299842,136
247500,495.00000000163544,-3091598.5285560824,298.77902123683066,136
250000,500.0000000016593,-3093528.6205102615,300.4742839366832,136
252500,505.0000000016832,-3095080.358120516,299.8542008598789,136
255000,510.00000000170706,-3094381.668597903,301.22021791838733,136
257500,515.0000000016456,-3095145.9105169848,300.6015862113265,136
260000,520.0000000015274,-3097372.566622127,300.07856850124887,136
262500,525.0000000014091,-3098359.5254240464,300.72292136053363,136
265000,530.0000000012909,-3097036.539889969,299.09963962677807,136
267500,535.0000000011727,-3095017.5006458145,302.0327780231883,136
270000,540.0000000010544,-3093281.317328939,300.30276981361766,136
272500,545.0000000009362,-3093260.017797958,301.4675623215108,136
275000,550.000000000818,-3097264.63042124,300.8545848887391,136
277500,555.0000000006997,-3094201.9970531054,300.56504442588033,136
280000,560.0000000005815,-3098409.4847636055,300.9819802521077,136
282500,565.0000000004633,-3096602.530060729,300.1503176129413,136
285000,570.000000000345,-3095009.448332252,299.57412443801474,136
287500,575.0000000002268,-3094865.9484602604,301.0900333594493,136
290000,580.0000000001086,-3094981.662442701,299.24291730735223,136
292500,584.9999999999903,-3094800.687444389,300.74144765085106,136
295000,589.9999999998721,-3091399.0273671467,300.7019540643602,136
297500,594.9999999997539,-3096451.336189447,300.43288675099865,136
300000,599.9999999996356,-3092868.9608704,299.3057883640198,136
302500,604.9999999995174,-3094426.4348846693,300.23044382656616,136
305000,609.9999999993992,-3094546.315895809,300.5134719466398,136
307500,614.9999999992809,-3092674.907201266,301.45589914014414,136
310000,619.9999999991627,-3096571.219583664,299.4911084471312,136
312500,624.9999999990445,-3096971.7207935303,299.90379621609213,136
315000,629.9999999989262,-3094042.566906428,300.6423363655023,136
317500,634.999999998808,-3095740.4484331217,300.2097416389462,136
320000,639.9999999986898,-3093290.8128700163,301.28959389237616,136
322500,644.9999999985715,-3094820.038786944,301.4171103857922,136
325000,649.9999999984533,-3098802.535289213,300.4847516615067,136
327500,654.999999998335,-3094188.0243331324,300.0400446307145,136
330000,659.9999999982168,-3093093.8004474137,299.9696847047611,136
332500,664.9999999980986,-3095432.203730777,300.8071104407721,136
335000,669.9999999979804,-3096608.1113409474,300.21379658844216,136
337500,674.9999999978621,-3093307.5449564643,300.6760510263013,136
340000,679.9999999977439,-3095838.616743503,299.1521130225502,136
342500,684.9999999976257,-3097611.1247140877,301.06813344003194,136
345000,689.9999999975074,-3096738.4936315976,299.84889309461676,136
347500,694.9999999973892,-3094670.606086267,300.7505345683222,136
350000,699.999999997271,-3092156.963614896,299.76445045097273,136
352500,704.9999999971527,-3095546.106238451,300.1860745260271,136
355000,709.9999999970345,-3095964.440649813,301.48582936940596,136
357500,714.9999999969162,-3095606.7204392366,299.80352384038144,136
360000,719.999999996798,-3094577.2146737315,299.09313295009554,136
362500,724.9999999966798,-3093203.121555658,300.4849855592087,136
365000,729.9999999965615,-3096088.734030105,300.7615268170673,136
367500,734.9999999964433,-3094940.689787386,300.38716043113624,136
370000,739.9999999963251,-3096765.0169066135,301.37362743544503,136
372500,744.9999999962068,-3096835.8292916864,301.30366841708934,136
375000,749.9999999960886,-3094793.2086257115,300.55369703866904,136
377500,754.9999999959704,-3097639.742099043,300.2313609421655,136
380000,759.9999999958521,-3093899.8984998763,300.35923374607984,136
382500,764.9999999957339,-3094186.076942092,300.15174577503245,136
385000,769.9999999956157,-3098768.530128518,300.49396209014634,136
387500,774.9999999954974,-3094935.0902718958,300.79989159768684,136
390000,779.9999999953792,-3097580.0120961424,299.8846118768736,136
392500,784.999999995261,-3090736.5047180876,299.84794076087235,136
395000,789.9999999951427,-3091249.3145405147,300.1546050788749,136
397500,794.9999999950245,-3095649.84729011,300.472336057569,136
400000,799.9999999949063,-3096071.4124966096,299.9787205025904,137
402500,804.999999994788,-3093397.79336155,299.0869914748171,137
405000,809.9999999946698,-3096447.227363983,300.4510653261774,137
407500,814.9999999945516,-3095907.0252173655,300.1992821494414,137
410000,819.9999999944333,-3096362.2552202567,301.0167171384086,137
412500,824.9999999943151,-3095263.534144664,300.61143660080205,137
415000,829.9999999941969,-3097492.866440341,300.46830902573305,137
417500,834.9999999940786,-3095109.5765628796,299.59653815906626,137
420000,839.9999999939604,-3100106.0476713814,300.375549479967,137
422500,844.9999999938422,-3097254.8367270604,300.39294149772024,137
425000,849.9999999937239,-3096852.620042233,301.07791073505905,137
427500,854.9999999936057,-3092842.4894031137,298.94356247199363,137
430000,859.9999999934874,-3093265.894056406,300.471465440995,137
432500,864.9999999933692,-3097954.7722305786,300.7547051290605,137
435000,869.999999993251,-3096295.066188596,300.04869460366314,137
437500,874.9999999931327,-3096889.3997886796,301.11611596459323,137
440000,879.9999999930145,-3095801.5987591594,300.4347759401816,137
442500,884.9999999928963,-3096274.0302994642,300.22271370950375,137
445000,889.999999992778,-3094847.384143479,301.53207301277854,137
447500,894.9999999926598,-3092730.551925646,299.11302646378357,137
450000,899.9999999925416,-3094639.7932246644,301.0309878517017,137
452500,904.9999999924233,-3095406.4414549153,299.7655730857747,137
455000,909.9999999923051,-3096053.5498989783,299.0869151219474,137
457500,914.9999999921869,-3096060.20168129,301.17499122901404,137
460000,919.9999999920686,-3098711.247635646,300.00599041642334,137
462500,924.9999999919504,-3097391.8883814067,300.06383399201763,137
465000,929.9999999918322,-3097554.5279274546,299.68124301545436,137
467500,934.9999999917139,-3092102.924752146,299.22135811063566,137
470000,939.9999999915957,-3098427.1000367813,301.0238504439497,137
472500,944.9999999914775,-3096152.4764017295,299.48392758009135,137
475000,949.9999999913592,-3096380.062317483,300.4752208768464,137
477500,954.999999991241,-3095751.125313066,300.57745355240155,137
480000,959.9999999911228,-3094154.5039213505,299.5382744425156,137
482500,964.9999999910045,-3093721.5109599717,300.90526882973563,137
485000,969.9999999908863,-3095995.7908364944,300.15187503837024,136
487500,974.9999999907681,-3092982.6196678,300.5506884201546,137
490000,979.9999999906498,-3095782.969729608,300.55083659238875,137
492500,984.9999999905316,-3094872.8141086195,300.252594059288,136
495000,989.9999999904134,-3093971.4623111766,300.5052863383747,136
497500,994.9999999902951,-3092899.8626401927,300.3100811490685,136
500000,999.9999999901769,-3097043.811071003,300.83195560717655,136
502500,1004.9999999900587,-3094734.297380114,300.333946461186,136
505000,1009.9999999899404,-3094720.057630904,300.7894081441869,136
507500,1014.9999999898222,-3097009.5627317093,300.48344238863746,136
510000,1019.999999989704,-3099692.20983389,299.91396082180705,136
512500,1024.9999999895858,-3094894.7509566154,300.16222641595175,136
515000,1029.9999999894676,-3099598.3274772763,300.38559927068053,136
517500,1034.9999999893494,-3099296.9776761066,300.12286651400206,136
520000,1039.9999999892311,-3098588.426661307,300.88232764499054,136
522500,1044.999999989113,-3096655.554325804,299.27338921635317,136
525000,1049.9999999889947,-3097113.275215829,300.6489303495272,136
527500,1054.9999999888764,-3096982.0707160197,301.22447704579787,136
530000,1059.9999999887582,-3097144.857690882,300.5050298016802,136
532500,1064.99999998864,-3096251.359914461,300.22002347855107,136
535000,1069.9999999885217,-3095820.115559198,300.8312894807927,136
537500,1074.9999999884035,-3097602.6679209042,299.9979233161353,136
540000,1079.9999999882853,-3094489.069084987,300.1261327597509,136
542500,1084.999999988167,-3095945.3486781195,300.4627583137463,136
545000,1089.9999999880488,-3094345.004462814,301.3735868617098,136
547500,1094.9999999879306,-3095888.2842688356,298.9856569209463,136
550000,1099.9999999878123,-3095653.3765519615,301.39285460084704,136
552500,1104.999999987694,-3097139.3034751974,299.6331819613144,136
555000,1109.9999999875758,-3095980.006690258,300.19504095421627,136
557500,1114.9999999874576,-3097601.280185459,300.8345088237122,136
560000,1119.9999999873394,-3095109.9545891937,299.32834737031504,136
562500,1124.9999999872211,-3095514.994102828,299.87449781467683,136
565000,1129.999999987103,-3096501.4685722347,300.36528723427284,136
567500,1134.9999999869847,-3098817.3512722943,300.1081648307878,136
570000,1139.9999999868664,-3097473.490480501,299.9021021546583,136
572500,1144.9999999867482,-3097153.202439796,300.5292184655678,136
575000,1149.99999998663,-3093267.6760497317,299.7207405145262,136
577500,1154.9999999865117,-3097828.144704774,301.12588962512797,136
580000,1159.9999999863935,-3092884.3094988726,300.2705535840014,136
582500,1164.9999999862753,-3097093.773446452,300.1182974247914,136
585000,1169.999999986157,-3096192.7717314754,299.9258986573473,136
587500,1174.9999999860388,-3093323.296574807,300.2606179588075,136
590000,1179.9999999859206,-3095892.909953017,300.5533239941636,136
592500,1184.9999999858023,-3097948.7544669826,301.6249846518065,136
595000,1189.999999985684,-3094794.999456132,299.2487711937515,136
597500,1194.9999999855659,-3096450.1674417146,300.5472741223526,136
600000,1199.9999999854476,-3096167.3646430857,299.29354164659645,136
602500,1204.9999999853294,-3092400.138939604,300.0946484979871,136
605000,1209.9999999852112,-3094706.59756721,300.7868070930137,136
607500,1214.999999985093,-3091573.636839865,299.4713489946833,136
610000,1219.9999999849747,-3096166.854674466,300.94522289474577,136
612500,1224.9999999848565,-3097094.8132232483,299.7890345693908,136
615000,1229.9999999847382,-3097218.7478109,300.72926612312904,136
617500,1234.99999998462,-3098010.554951638,298.95209951274234,136
620000,1239.9999999845018,-3096383.4627594464,300.0035177221247,136
622500,1244.9999999843835,-3094654.3099447247,300.8172006784875,136
625000,1249.9999999842653,-3093259.7703567166,301.02523478682235,136
627500,1254.999999984147,-3092911.3110826854,299.588691865653,136
630000,1259.9999999840288,-3095269.0429058988,300.3454497283394,136
632500,1264.9999999839106,-3094680.324222453,300.3982488255923,136
635000,1269.9999999837923,-3095786.147393143,301.4885073382629,136
637500,1274.9999999836741,-3095135.882030815,300.027022544211,136
640000,1279.9999999835559,-3093680.5265385564,300.10574241886127,136
642500,1284.9999999834376,-3097906.7969189826,298.95293629053316,136
645000,1289.9999999833194,-3093592.7501081266,300.2279430798901,136
647500,1294.9999999832012,-3093026.5421681833,299.21149706578166,136
650000,1299.999999983083,-3094917.0707956497,299.3600223138853,136
652500,1304.9999999829647,-3096458.406024877,299.9726527710688,136
655000,1309.9999999828465,-3092190.1104587764,300.2986748354761,136
657500,1314.9999999827282,-3095736.904078817,300.83131712880873,136
660000,1319.99999998261,-3091482.2528363597,300.0497219940415,136
662500,1324.9999999824918,-3094309.247771416,300.89767239273476,136
665000,1329.9999999823735,-3095806.5914042164,298.88234744590795,136
667500,1334.9999999822553,-3097211.9024301693,299.6391191848951,136
670000,1339.999999982137,-3095059.5489325467,300.7373967208416,136
672500,1344.9999999820188,-3097296.828293612,299.16063380555374,136
675000,1349.9999999819006,-3094764.4259779174,300.03628392788204,136
677500,1354.9999999817824,-3095003.137499189,300.5510838652195,136
680000,1359.9999999816641,-3095488.695276741,299.6131115897752,136
682500,1364.999999981546,-3098805.895813903,301.0668464899864,136
685000,1369.9999999814277,-3093898.7155538257,300.625125290826,136
687500,1374.9999999813094,-3093076.9530343693,300.6207486846853,136
690000,1379.9999999811912,-3095958.1296036076,300.9159095659798,136
692500,1384.999999981073,-3096699.3795169704,300.32365706291444,136
695000,1389.9999999809547,-3095357.3407681733,300.7511175484206,136
697500,1394.9999999808365,-3099039.6958063617,301.7224695677842,136
700000,1399.9999999807183,-3099676.2608286664,300.11996445138783,136
702500,1404.9999999806,-3095218.7830497026,300.2283380673441,136
705000,1409.9999999804818,-3092984.7280987017,300.27393574754177,136
707500,1414.9999999803636,-3095471.3601169772,300.60120583967824,136
710000,1419.9999999802453,-3096172.372691937,299.6560128769893,136
712500,1424.999999980127,-3097213.1696039774,299.21074241103327,136
715000,1429.9999999800089,-3095014.818584457,299.45599437822483,136
717500,1434.9999999798906,-3094796.0318139605,301.3072467023138,136
720000,1439.9999999797724,-3093773.215234887,302.36269036568956,136
722500,1444.9999999796541,-3098904.9735735804,299.18551041188516,136
725000,1449.999999979536,-3095680.093920836,300.4666010622244,136
727500,1454.9999999794177,-3095757.1594737414,301.2412358857144,136
730000,1459.9999999792994,-3098710.82647614,300.68823335765927,136
732500,1464.9999999791812,-3099789.957366513,300.72946029745236,136
735000,1469.999999979063,-3096272.983754903,299.3456682857029,136
737500,1474.9999999789447,-3097886.5184868127,300.7383806114561,136
740000,1479.9999999788265,-3097295.343460327,299.5231356488525,136
742500,1484.9999999787083,-3095612.389842592,300.3532747529038,136
745000,1489.99999997859,-3095168.099431144,300.6924076467412,136
747500,1494.9999999784718,-3096822.040280288,299.8693234148135,136
750000,1499.9999999783536,-3096465.3609566092,299.71412867815087,136
752500,1504.9999999782353,-3095589.7599476594,300.06094115791564,136
755000,1509.999999978117,-3095558.889330441,298.8700358578053,136
757500,1514.9999999779989,-3095401.994500082,299.9120763011514,136
760000,1519.9999999778806,-3096378.8854635376,300.52814690886845,136
762500,1524.9999999777624,-3096288.21552236,300.1158575773562,136
765000,1529.9999999776442,-3094880.346398471,299.37333913818077,136
767500,1534.999999977526,-3096616.490114661,300.4860530362145,136
770000,1539.9999999774077,-3094125.5921818,299.32408056379705,136
772500,1544.9999999772895,-3094070.618843138,300.95683097057105,136
775000,1549.9999999771712,-3094716.225660121,301.1235363306274,136
777500,1554.999999977053,-3098847.9328042865,300.07216426713507,136
780000,1559.9999999769348,-3097629.109619776,299.1416277722222,136
782500,1564.9999999768165,-3097212.315131927,299.852547373315,136
785000,1569.9999999766983,-3096078.855794834,300.7459480864122,136
787500,1574.99999997658,-3096264.351082554,299.6047847960932,136
790000,1579.9999999764618,-3097261.010378739,299.8905798083807,136
792500,1584.9999999763436,-3098564.204525765,299.7404589417338,136
795000,1589.9999999762254,-3094765.720869517,299.50940951520005,136
797500,1594.9999999761071,-3097999.6623071413,301.3480882270001,136
800000,1599.9999999759889,-3097026.854644848,300.84760286150436,136
802500,1604.9999999758707,-3094642.5622911565,300.95814782639064,136
805000,1609.9999999757524,-3096865.6937213317,300.2782716101188,136
807500,1614.9999999756342,-3095923.5113652255,301.03538259524345,136
810000,1619.999999975516,-3096643.888692666,301.0623571633613,136
812500,1624.9999999753977,-3096674.7970172036,299.54619670078415,136
815000,1629.9999999752795,-3097623.4297982547,300.28160031497924,136
817500,1634.9999999751612,-3095185.778274473,300.30916663488057,136
820000,1639.999999975043,-3098526.5236981697,299.6477972114572,136
822500,1644.9999999749248,-3093197.928560622,300.0246957152102,136
825000,1649.9999999748065,-3098134.1289888527,301.4794375958234,136
827500,1654.9999999746883,-3098792.8007218204,300.04829057448427,136
830000,1659.99999997457,-3099572.291721532,301.17857265591977,136
832500,1664.9999999744518,-3096308.984279318,299.0891729779429,136
835000,1669.9999999743336,-3097751.483578775,298.6786665973921,136
837500,1674.9999999742154,-3096976.4489082806,299.3875292659395,136
840000,1679.9999999740971,-3097778.957260078,300.9753211177975,136
842500,1684.999999973979,-3097514.9559634235,301.0986651544432,136
845000,1689.9999999738607,-3098789.6297774,299.2840059880971,136
847500,1694.9999999737424,-3098370.0938388593,300.9166075830572,136
850000,1699.9999999736242,-3098545.9453652855,300.73576338908794,136
852500,1704.999999973506,-3093497.5305484775,299.6571959112042,136
855000,1709.9999999733877,-3095692.8082261886,300.35542963096833,136
857500,1714.9999999732695,-3096723.5067890827,300.32854900166893,136
860000,1719.9999999731513,-3094447.030025702,301.12270622223656,136
862500,1724.999999973033,-3093755.177118806,299.89879284634515,136
865000,1729.9999999729148,-3095456.4497380834,300.3362377851883,136
867500,1734.9999999727966,-3097749.892596638,300.70642659926574,136
870000,1739.9999999726783,-3096341.7186080012,300.31439567404186,136
872500,1744.99999997256,-3098951.508413542,299.84791392891435,136
875000,1749.9999999724419,-3094345.7662013657,300.08765521822227,136
877500,1754.9999999723236,-3097319.9897294026,299.48057306896385,136
880000,1759.9999999722054,-3098232.731954368,300.69511029142154,136
882500,1764.9999999720872,-3096483.8422835786,299.6752041415682,136
885000,1769.999999971969,-3095184.9062156025,300.95129478151324,136
887500,1774.9999999718507,-3095394.7608390898,299.69173843297835,136
890000,1779.9999999717324,-3093953.297154382,300.33514612476677,136
892500,1784.9999999716142,-3098712.8130852617,299.94999141704454,136
895000,1789.999999971496,-3096151.616861105,300.56145197275276,136
897500,1794.9999999713777,-3098675.5922266357,300.74211712921925,136
900000,1799.9999999712595,-3094468.6131946836,301.1850408924642,136
902500,1804.9999999711413,-3100022.294944091,299.4461822971089,136
905000,1809.999999971023,-3098475.7008946408,299.08755119067513,136
907500,1814.9999999709048,-3095273.1989091113,300.240648944451,136
910000,1819.9999999707866,-3099427.810061777,299.77983922289116,136
912500,1824.9999999706683,-3099264.984390784,299.38323181234176,136
915000,1829.99999997055,-3097861.4449326806,298.9688570021699,136
917500,1834.9999999704319,-3096168.7925912123,299.57069701637175,136
920000,1839.9999999703136,-3094342.979664564,300.1176975220505,136
922500,1844.9999999701954,-3094041.486712778,300.4318149356363,136
925000,1849.9999999700772,-3095738.575859826,300.86725758633725,136
927500,1854.999999969959,-3098618.839677248,300.8737266648664,136
930000,1859.9999999698407,-3093913.5979108475,300.6229815371838,136
932500,1864.9999999697225,-3097105.4904480465,299.22956546074846,136
935000,1869.9999999696042,-3095170.2024580184,299.4614796308425,136
937500,1874.999999969486,-3095308.076632131,299.65728741697666,136
940000,1879.9999999693678,-3096200.172150407,300.18964428733995,136
942500,1884.9999999692495,-3095049.686479224,300.62956930375606,136
945000,1889.9999999691313,-3099299.9435928427,300.0687142929282,136
947500,1894.999999969013,-3097107.231645774,300.1559492910893,136
950000,1899.9999999688948,-3093836.2798196655,299.58981922804355,136
952500,1904.9999999687766,-3098652.3591632955,299.37553060168307,136
955000,1909.9999999686584,-3098678.485747697,300.36344811031364,136
957500,1914.9999999685401,-3097515.023358563,301.43100342012946,136
960000,1919.999999968422,-3097380.757636212,300.3195315894505,136
962500,1924.9999999683037,-3097647.0181810744,300.48865182538617,136
965000,1929.9999999681854,-3097020.90021115,300.47720481797546,136
967500,1934.9999999680672,-3095306.862568373,301.08137731343675,136
970000,1939.999999967949,-3099021.9914733116,300.7829611918672,136
972500,1944.9999999678307,-3095414.490346048,300.7216738170553,136
975000,1949.9999999677125,-3098758.627340339,300.4354981770224,136
977500,1954.9999999675942,-3096767.0424684845,301.2706707057391,136
980000,1959.999999967476,-3097117.467525756,299.5357339676755,136
982500,1964.9999999673578,-3097735.361628309,299.891292401635,136
985000,1969.9999999672395,-3098405.6907230616,300.8768813333504,136
987500,1974.9999999671213,-3098080.971789904,300.08057193784106,136
990000,1979.999999967003,-3094269.606603902,299.0225416714328,136
992500,1984.9999999668848,-3094609.3158066683,301.61458598105855,136
995000,1989.9999999667666,-3093878.456804741,299.669574849212,136
997500,1994.9999999666484,-3097043.0450416673,300.005255928063,136
1000000,1999.9999999665301,-3096067.551532861,299.17833247014437,136
1002500,2004.999999966412,-3096950.90164244,300.10025676070484,136
1005000,2009.9999999662937,-3096887.966024069,300.37300090029083,136
1007500,2014.9999999661754,-3093688.6023311317,300.24094546616016,136
1010000,2019.9999999660572,-3097474.1376679502,300.08941372328326,136
1012500,2024.999999965939,-3095575.337842703,299.2957064311567,136
1015000,2029.9999999658207,-3097548.6532412805,299.73578673625616,136
1017500,2034.9999999657025,-3098908.8308762256,300.8626017027108,136
1020000,2039.9999999655843,-3095731.784582315,300.7127232546369,136
1022500,2044.999999965466,-3095280.88453497,299.7081709368793,136
1025000,2049.999999965348,-3093569.678795412,300.64061678056567,136
1027500,2054.9999999652296,-3095418.497712506,300.3516607716336,136
1030000,2059.9999999651113,-3098074.221066594,300.7269691642951,136
1032500,2064.999999964993,-3097855.4242364727,300.8026991174801,136
1035000,2069.999999964875,-3095499.9989758637,299.96335242586554,136
1037500,2074.9999999647566,-3096888.274407355,302.20099276565054,136
1040000,2079.9999999646384,-3096054.786618544,300.5119178949722,136
1042500,2084.99999996452,-3095624.4682987947,300.32423181525434,136
1045000,2089.999999964402,-3096819.184185449,299.77649667843065,136
1047500,2094.9999999642837,-3094354.8602379523,299.99160348813564,136
1050000,2099.9999999641655,-3093794.071561901,300.4682270268821,136
1052500,2104.999999964047,-3090363.249207817,299.5148535566005,136
1055000,2109.999999963929,-3097526.7899642084,300.7768042624562,136
1057500,2114.9999999638108,-3096626.6027229615,300.590981991923,136
1060000,2119.9999999636925,-3094924.6508380193,300.03141156547247,136
1062500,2124.9999999635743,-3094301.2375439946,299.9456342346263,136
1065000,2129.999999963456,-3095309.9048766587,300.6499620298252,136
1067500,2134.999999963338,-3098359.6025727782,300.73369772422365,136
1070000,2139.9999999632196,-3097754.9517369065,300.83854386351567,136
1072500,2144.9999999631013,-3095765.1413224973,300.8245403623032,136
1075000,2149.999999962983,-3096506.335274942,300.83238669760624,136
1077500,2154.999999962865,-3097583.366740074,299.20408196109287,136
1080000,2159.9999999627466,-3094771.24297913,299.976662110141,136
1082500,2164.9999999626284,-3096954.500256162,300.58467313319954,136
1085000,2169.99999996251,-3096775.520720873,300.68259918116945,136
1087500,2174.999999962392,-3094072.3761665,300.0058988863032,136
1090000,2179.9999999622737,-3096561.3265063837,301.00516689546225,136
1092500,2184.9999999621555,-3097647.625226626,300.03849204103346,136
1095000,2189.9999999620372,-3096009.237204371,301.06764005473343,136
1097500,2194.999999961919,-3097416.6305457484,301.42172403344387,136
1100000,2199.9999999618008,-3096985.3314946294,301.1932409245479,136
1102500,2204.9999999616825,-3098166.1017762013,300.48259535731717,136
1105000,2209.9999999615643,-3099744.846074609,301.23809284124735,136
1107500,2214.999999961446,-3096367.8921213746,300.4257447807236,136
1110000,2219.999999961328,-3096029.2818038967,301.2175880888704,136
1112500,2224.9999999612096,-3096154.1160704624,299.61385035340305,136
1115000,2229.9999999610914,-3095180.67711043,301.01726019242375,136
1117500,2234.999999960973,-3095618.6336450223,300.7201163665771,136
1120000,2239.999999960855,-3097221.4657374993,299.38742502943177,136
1122500,2244.9999999607367,-3096312.827107331,300.8930479346415,136
1125000,2249.9999999606184,-3094766.4042411763,300.8210014099557,136
1127500,2254.9999999605,-3096717.516486654,300.6913158958388,136
1130000,2259.999999960382,-3096448.534421077,299.15218682085504,136
1132500,2264.9999999602637,-3096405.5311221927,299.956011128607,136
1135000,2269.9999999601455,-3099698.9650307465,299.97704317292425,136
1137500,2274.9999999600273,-3099912.0434631035,299.73235291932207,136
1140000,2279.999999959909,-3097390.514757633,301.13772928390836,136
1142500,2284.999999959791,-3098873.3990380093,300.41927670963446,136
1145000,2289.9999999596726,-3095929.3564162944,300.0439455509905,136
1147500,2294.9999999595543,-3096102.9769337587,300.40922152543624,136
1150000,2299.999999959436,-3096815.3800456487,300.3966064638114,136
1152500,2304.999999959318,-3095122.5920146927,300.2138922239593,136
1155000,2309.9999999591996,-3095569.5391398594,301.03800543732905,136
1157500,2314.9999999590814,-3096089.2811721917,300.04063116490977,136
1160000,2319.999999958963,-3097764.907148633,300.7861838395582,136
1162500,2324.999999958845,-3095469.9579405896,299.42520164881705,136
1165000,2329.9999999587267,-3096635.070682071,300.21996213618655,136
1167500,2334.9999999586084,-3095379.871069772,299.5685269826738,136
1170000,2339.99999995849,-3097603.9927624576,299.1904208291706,136
1172500,2344.999999958372,-3094780.5379569083,300.81402062702347,136
1175000,2349.9999999582537,-3094895.2107957546,299.54808980339163,136
1177500,2354.9999999581355,-3098212.0109686255,300.12774700373103,136
1180000,2359.9999999580173,-3097565.7853808347,299.2000761155448,136
1182500,2364.999999957899,-3096927.0817841794,300.38222153616647,136
1185000,2369.999999957781,-3096624.440152265,300.47484900536426,136
1187500,2374.9999999576626,-3096308.612289777,300.53216917568,136
1190000,2379.9999999575443,-3095670.7218117993,300.31916164182974,136
1192500,2384.999999957426,-3095709.0671945494,298.75075477968136,136
1195000,2389.999999957308,-3096227.4801418446,300.8121586600333,136
1197500,2394.9999999571896,-3097368.233911045,299.7245478962589,136
1200000,2399.9999999570714,-3097147.9741997253,299.66231158876616,136
1202500,2404.999999956953,-3095937.0429359153,299.86731125891345,136
1205000,2409.999999956835,-3096636.6291263998,299.5207710624506,136
1207500,2414.9999999567167,-3095235.1223646123,300.97861173645856,136
1210000,2419.9999999565985,-3094818.227532478,299.3073649258965,136
1212500,2424.99999995648,-3095057.428312538,300.57816029731475,136
1215000,2429.999999956362,-3093354.308422832,300.80714544537057,136
1217500,2434.9999999562438,-3096193.3421801403,301.7818565563837,136
1220000,2439.9999999561255,-3097720.0500837713,299.32075849197065,136
1222500,2444.9999999560073,-3092422.6784746945,300.5625625309818,136
1225000,2449.999999955889,-3096202.2792830057,300.92274015052965,136
1227500,2454.999999955771,-3098292.510932088,299.7369386255267,136
1230000,2459.9999999556526,-3096799.5697170775,299.4964156442592,136
1232500,2464.9999999555343,-3095557.8518512975,299.70134969098297,136
1235000,2469.999999955416,-3096462.8608003166,300.3050171406382,136
1237500,2474.999999955298,-3097777.5600196403,301.61715647085924,136
1240000,2479.9999999551796,-3098415.9943758342,301.38806795314247,136
1242500,2484.9999999550614,-3098040.9959621914,300.4501785421991,136
1245000,2489.999999954943,-3095701.213698959,300.92664451752864,136
1247500,2494.999999954825,-3095841.208950421,300.2433523845895,136
1250000,2499.9999999547067,-3096701.1837778557,300.5796205847739,136
1252500,2504.9999999545885,-3097426.390757017,299.84639463115803,136
1255000,2509.9999999544702,-3095802.7365540005,301.74234736399336,136
1257500,2514.999999954352,-3093337.4464347716,300.4378440426158,136
1260000,2519.9999999542338,-3094780.9282349814,300.8464108339575,136
1262500,2524.9999999541155,-3097020.2845132165,300.5479132118047,136
1265000,2529.9999999539973,-3097535.5039606206,300.0697653859936,136
1267500,2534.999999953879,-3096099.8316804413,299.2819530527514,136
1270000,2539.999999953761,-3095122.4228997864,300.7224339825135,136
1272500,2544.9999999536426,-3095715.4621127304,299.5111713994853,136
1275000,2549.9999999535244,-3099131.7969386894,299.5229313177858,136
1277500,2554.999999953406,-3100009.364583997,300.2446870952534,136
1280000,2559.999999953288,-3096359.0607527457,300.0811410716284,136
1282500,2564.9999999531697,-3093819.8039850276,299.678964105967,136
1285000,2569.9999999530514,-3096406.2049453333,299.5697902117233,136
1287500,2574.999999952933,-3096487.099029161,299.59450136885215,136
1290000,2579.999999952815,-3093015.5065443236,299.6885858531746,136
1292500,2584.9999999526967,-3096599.7101440188,300.0769605132006,136
1295000,2589.9999999525785,-3096849.8042407017,299.10358382096786,136
1297500,2594.9999999524603,-3097104.671701817,300.35144212948836,136
1300000,2599.999999952342,-3098123.478745356,300.2721343877916,136
1302500,2604.999999952224,-3102046.661171969,300.1703310586832,136
1305000,2609.9999999521056,-3099202.2288309745,299.6078390518349,136
1307500,2614.9999999519873,-3095214.304828571,299.71929494147776,136
1310000,2619.999999951869,-3098142.829151841,299.93988477209285,136
1312500,2624.999999951751,-3097672.988254197,299.0756959379289,136
1315000,2629.9999999516326,-3097093.653304599,301.1894053351104,136
1317500,2634.9999999515144,-3097210.628045382,300.4541240490963,136
1320000,2639.999999951396,-3099295.9717462305,301.2885024651104,136
1322500,2644.999999951278,-3095128.3655863777,300.5643915650748,136
1325000,2649.9999999511597,-3099246.1468956005,299.65893904692564,136
1327500,2654.9999999510414,-3096071.9177871663,300.5249932469614,136
1330000,2659.999999950923,-3097614.659675883,299.4154650685481,136
1332500,2664.999999950805,-3097266.6621341724,301.10195520550417,136
1335000,2669.9999999506867,-3097925.3969851565,300.26480125217904,136
1337500,2674.9999999505685,-3095654.7164846603,299.77764805373397,136
1340000,2679.9999999504503,-3095636.7977044918,299.8350744301552,136
1342500,2684.999999950332,-3094210.7860692665,299.97953910439105,136
1345000,2689.999999950214,-3095210.4180753976,300.8303077672193,136
1347500,2694.9999999500956,-3096519.4890317824,300.21149253926484,136
1350000,2699.9999999499773,-3096982.6582977585,300.1369456207922,136
1352500,2704.999999949859,-3099008.15052752,302.3428292123935,136
1355000,2709.999999949741,-3095095.4468678683,299.779401265004,136
1357500,2714.9999999496226,-3097236.839833416,300.7467033568233,136
1360000,2719.9999999495044,-3097334.3123614322,300.1083285385656,136
1362500,2724.999999949386,-3094574.2642615754,300.2206762128873,136
1365000,2729.999999949268,-3094330.57077875,299.8811318976434,136
1367500,2734.9999999491497,-3092815.935215814,300.2468897579669,136
1370000,2739.9999999490315,-3096779.5331904143,299.9195537975311,136
1372500,2744.9999999489132,-3097795.5240310878,299.948110177973,136
1375000,2749.999999948795,-3096131.9193240236,299.98200887372593,136
1377500,2754.9999999486768,-3095123.71272132,300.19232036863355,136
1380000,2759.9999999485585,-3097888.8543090094,300.0966752109647,136
1382500,2764.9999999484403,-3097757.5465337243,299.40863470442775,136
1385000,2769.999999948322,-3096373.3568006586,301.373315728684,136
1387500,2774.999999948204,-3097533.7926072106,301.1422949280144,136
1390000,2779.9999999480856,-3096502.266040221,300.5551393479033,136
1392500,2784.9999999479674,-3096004.0044517163,298.84929829132716,136
1395000,2789.999999947849,-3098573.355734812,300.3724582094982,136
1397500,2794.999999947731,-3096851.023133645,300.1630297538032,136
1400000,2799.9999999476127,-3096395.599068703,299.312808602376,136
1402500,2804.9999999474944,-3095103.4862919394,301.0344531814433,136
1405000,2809.999999947376,-3095672.3685997166,301.5694835887063,136
1407500,2814.999999947258,-3097043.823481258,300.1345618641802,136
1410000,2819.9999999471397,-3097302.2716181166,300.869697819013,136
1412500,2824.9999999470215,-3096955.1170833707,300.97890072947297,136
1415000,2829.9999999469032,-3099518.1277250014,300.4091163859799,136
1417500,2834.999999946785,-3095518.8885529693,299.98334929716555,136
1420000,2839.999999946667,-3097619.9129965045,300.63121241458526,136
1422500,2844.9999999465485,-3094389.727628676,301.2892111253226,136
1425000,2849.9999999464303,-3095017.550809512,300.9582513070262,136
1427500,2854.999999946312,-3097149.1486224663,300.44904406135754,136
1430000,2859.999999946194,-3095979.1941094715,301.9394943627494,136
1432500,2864.9999999460756,-3099027.535382459,300.154256908498,136
1435000,2869.9999999459574,-3099244.912806183,299.82439136650316,136
1437500,2874.999999945839,-3097609.2465078942,300.005333835885,136
1440000,2879.999999945721,-3097594.3928834274,300.7854347557972,136
1442500,2884.9999999456027,-3096119.797438508,299.5905575218473,136
1445000,2889.9999999454844,-3099696.498608295,300.9372687475465,136
1447500,2894.999999945366,-3097900.4359780867,301.11828856756415,136
1450000,2899.999999945248,-3095121.5353207104,299.59755873009914,136
1452500,2904.9999999451297,-3097356.3536596727,300.78876618729714,136
1455000,2909.9999999450115,-3096558.656361332,300.09409619558767,136
1457500,2914.9999999448933,-3096873.7717811894,300.0185666149988,136
1460000,2919.999999944775,-3095249.89092871,299.7268364315617,136
1462500,2924.999999944657,-3098591.9678457063,300.8478795049623,136
1465000,2929.9999999445386,-3098651.310140062,301.6210640743456,136
1467500,2934.9999999444203,-3097361.9637988545,300.68450174042255,136
1470000,2939.999999944302,-3095766.771399278,299.91063735314776,136
1472500,2944.999999944184,-3097125.2471296676,299.59514695030396,136
1475000,2949.9999999440656,-3097446.624459356,300.0039728113618,136
1477500,2954.9999999439474,-3095436.6718464624,299.8643768161551,136
1480000,2959.999999943829,-3096769.1609710604,300.9073968928835,136
1482500,2964.999999943711,-3098475.0412494075,300.59232673868047,136
1485000,2969.9999999435927,-3094824.502272902,300.40389296540616,136
1487500,2974.9999999434744,-3096910.35701341,299.21010159054464,136
1490000,2979.999999943356,-3096966.48139493,299.3842082265009,136
1492500,2984.999999943238,-3099700.7401476614,299.24749389160934,136
1495000,2989.9999999431197,-3095345.246956965,300.85831275729066,136
1497500,2994.9999999430015,-3097180.4266333375,301.2760201542705,136
1500000,2999.9999999428833,-3095567.268721387,299.2297075006315,136
1502500,3004.999999942765,-3097847.4885766767,300.09011659780504,136
1505000,3009.999999942647,-3097733.3460404295,299.5382521684256,136
1507500,3014.9999999425286,-3094995.977338027,300.1085510167522,136
1510000,3019.9999999424103,-3095285.7076091245,299.6278506302611,136
1512500,3024.999999942292,-3099471.481696073,300.4838157833075,136
1515000,3029.999999942174,-3097599.73312979,300.3197957433808,136
1517500,3034.9999999420556,-3094756.236990219,300.4453252715705,136
1520000,3039.9999999419374,-3096842.377454955,300.6770634273577,136
1522500,3044.999999941819,-3096225.7590779737,299.65726697812,136
1525000,3049.999999941701,-3098284.950937951,298.2107571837563,136
1527500,3054.9999999415827,-3095247.764465751,299.03909724699366,136
1530000,3059.9999999414645,-3092178.264727438,300.99906109503735,136
1532500,3064.9999999413462,-3096623.9047776703,300.1486176531686,136
1535000,3069.999999941228,-3095926.6408082694,300.32289672868313,136
1537500,3074.9999999411098,-3097974.277644854,299.26718412471763,136
1540000,3079.9999999409915,-3099319.4480403867,300.03670842297083,136
1542500,3084.9999999408733,-3099187.836133683,301.1550899033994,136
1545000,3089.999999940755,-3096006.0962895155,300.09760042813934,136
1547500,3094.999999940637,-3094311.457659401,299.54671265063104,136
1550000,3099.9999999405186,-3096229.7945319302,300.46881890657454,136
1552500,3104.9999999404004,-3095179.442902483,299.89863170143536,136
1555000,3109.999999940282,-3095446.783673642,300.0267197091194,136
1557500,3114.999999940164,-3098312.9631452374,299.6785277737446,136
1560000,3119.9999999400457,-3095652.7729841415,301.43790102109205,136
1562500,3124.9999999399274,-3097787.9140282776,299.3685557768344,136
1565000,3129.999999939809,-3092863.216088766,301.1907563754027,136
1567500,3134.999999939691,-3094982.241416754,300.02441026344525,136
1570000,3139.9999999395727,-3100617.587370854,300.1300108449899,136
1572500,3144.9999999394545,-3097456.7134214025,300.1446456125337,136
1575000,3149.9999999393362,-3095971.9511897247,300.17579306911495,136
1577500,3154.999999939218,-3100173.5057361517,300.22699230038256,136
1580000,3159.9999999391,-3096466.272204388,300.3410744040932,136
1582500,3164.9999999389815,-3097623.962685412,300.54096747529593,136
1585000,3169.9999999388633,-3096588.252351355,300.98985277876585,136
1587500,3174.999999938745,-3098080.8376629986,300.2665057007216,136
1590000,3179.999999938627,-3099142.524053579,300.0063246175382,136
1592500,3184.9999999385086,-3096588.3874961995,299.9728081920094,136
1595000,3189.9999999383904,-3098391.4773202483,301.39096380754677,136
1597500,3194.999999938272,-3097690.906766288,301.07171705764125,136
1600000,3199.999999938154,-3097835.699374173,300.20836073897027,136
1602500,3204.9999999380357,-3097482.804676356,301.10310529061246,136
1605000,3209.9999999379174,-3099860.0120272506,300.5463476904199,136
1607500,3214.999999937799,-3099291.784744488,300.99595509094274,136
1610000,3219.999999937681,-3096103.213928636,300.3246461946545,136
1612500,3224.9999999375627,-3094967.4982731845,300.6654182579268,136
1615000,3229.9999999374445,-3096191.09582782,300.827928503819,136
1617500,3234.9999999373263,-3092983.9127132352,299.86122600898807,136
1620000,3239.999999937208,-3097475.872311661,301.3415973505054,136
1622500,3244.99999993709,-3095422.260520285,300.1765656551801,136
1625000,3249.9999999369716,-3096457.408875741,301.28806437130874,136
1627500,3254.9999999368533,-3099553.3595982622,299.8263039705168,136
1630000,3259.999999936735,-3097905.0368951503,299.258645643049,136
1632500,3264.999999936617,-3097438.3884464633,300.81369249331647,136
1635000,3269.9999999364986,-3096620.5191317294,299.2843681571513,136
1637500,3274.9999999363804,-3096239.767656995,300.12707557939433,136
1640000,3279.999999936262,-3094188.5978494883,300.09017471804816,136
1642500,3284.999999936144,-3093790.0573018193,300.3349256311006,136
1645000,3289.9999999360257,-3097837.5031492356,300.7406996924316,136
1647500,3294.9999999359075,-3096380.2026714236,300.7103663369619,136
1650000,3299.999999935789,-3097160.940750936,300.19976112570583,136
1652500,3304.999999935671,-3098037.2935710587,299.2521001717866,136
1655000,3309.9999999355528,-3096886.286528144,299.99139735901423,136
1657500,3314.9999999354345,-3097684.2642052006,300.4575733229268,136
1660000,3319.9999999353163,-3096349.5847791415,298.96836390698604,136
1662500,3324.999999935198,-3096902.2151747197,301.422287503664,136
1665000,3329.99999993508,-3096200.690990124,299.832475428526,136
1667500,3334.9999999349616,-3099132.1630681884,300.3617767255564,136
1670000,3339.9999999348433,-3092107.460851401,299.95283430966924,136
1672500,3344.999999934725,-3100095.981770795,300.48966710615565,136
1675000,3349.999999934607,-3097740.730113456,301.77714806282296,136
1677500,3354.9999999344886,-3096978.433604235,300.2590034489636,136
1680000,3359.9999999343704,-3094213.1074113585,300.0828950778749,136
1682500,3364.999999934252,-3096538.8295715805,300.2759439050921,136
1685000,3369.999999934134,-3098073.0826967303,300.0188648161359,136
1687500,3374.9999999340157,-3097171.4425870515,301.09339939857875,136
1690000,3379.9999999338975,-3096469.5387134776,299.9493344137271,136
1692500,3384.9999999337792,-3095959.537800299,300.3056392599747,136
1695000,3389.999999933661,-3098215.3727320135,300.09644780860464,136
1697500,3394.9999999335428,-3097207.555829739,299.58344938478314,136
1700000,3399.9999999334245,-3095657.9678993337,299.9418716650573,136
1702500,3404.9999999333063,-3098844.514846524,300.9535082436527,136
1705000,3409.999999933188,-3095652.1519807484,300.3583119728328,136
1707500,3414.99999993307,-3097016.710997455,300.5317390019079,136
1710000,3419.9999999329516,-3098943.0716942977,300.8682605634031,136
1712500,3424.9999999328334,-3095799.7336190976,301.14827468018626,136
1715000,3429.999999932715,-3098909.970246408,300.6540098429344,136
1717500,3434.999999932597,-3094432.903470531,300.18831660194087,136
1720000,3439.9999999324787,-3097134.313340733,299.77864475023796,136
1722500,3444.9999999323604,-3098812.9310618304,300.2124117749751,136
1725000,3449.999999932242,-3096055.3214290626,299.68333294035097,136
1727500,3454.999999932124,-3100716.05253355,300.80145725406754,136
1730000,3459.9999999320057,-3096226.9288203083,300.1002965752634,136
1732500,3464.9999999318875,-3096374.112416595,299.88461188922173,136
1735000,3469.9999999317693,-3097554.721612558,299.3476329681301,136
1737500,3474.999999931651,-3093655.995239686,300.42169307699146,136
1740000,3479.999999931533,-3096192.787126817,301.18057701477096,136
1742500,3484.9999999314145,-3095330.8335358426,299.5764428246184,136
1745000,3489.9999999312963,-3098451.9968233947,301.3795760829824,136
1747500,3494.999999931178,-3097587.638614457,300.37560099095236,136
1750000,3499.99999993106,-3098323.1088267397,300.9492108343222,136
1752500,3504.9999999309416,-3095518.129153451,301.3703365597054,136
1755000,3509.9999999308234,-3097394.8548905533,299.54358760324067,136
1757500,3514.999999930705,-3100021.5634933077,301.0098312163,136
1760000,3519.999999930587,-3095526.752733877,301.22621305452634,136
1762500,3524.9999999304687,-3097848.2285658345,299.96663946008823,136
1765000,3529.9999999303504,-3096117.8113843594,301.25369265964605,136
1767500,3534.999999930232,-3096478.536267275,300.2213544253845,136
1770000,3539.999999930114,-3096632.8075081985,300.08978262054654,136
1772500,3544.9999999299957,-3096209.0541378427,300.6539449350588,136
1775000,3549.9999999298775,-3094880.033462705,300.5063772154205,136
1777500,3554.9999999297593,-3096673.362516796,300.9776543386178,136
1780000,3559.999999929641,-3095885.8922328353,299.1512725253345,136
1782500,3564.999999929523,-3092666.1893614493,300.2139555855283,136
1785000,3569.9999999294046,-3097322.693651369,301.51279396226624,136
1787500,3574.9999999292863,-3094900.142435359,300.7766523710012,136
1790000,3579.999999929168,-3095676.065425342,300.98707941395963,136
1792500,3584.99999992905,-3101157.4932482075,300.4872907391227,136
1795000,3589.9999999289316,-3094745.149896508,301.1890840585563,136
1797500,3594.9999999288134,-3096006.603351554,300.7864117644508,136
1800000,3599.999999928695,-3094697.7289985158,299.09778655830576,136
1802500,3604.999999928577,-3096158.3766827676,300.4435327108679,136
1805000,3609.9999999284587,-3096263.15948282,300.4373580342032,136
1807500,3614.9999999283405,-3096312.14603341,298.8829562502238,136
1810000,3619.999999928222,-3097277.8319794424,299.5998899140363,136
1812500,3624.999999928104,-3096666.494490616,301.6629462975659,136
1815000,3629.9999999279858,-3097100.395875253,301.4351462734957,136
1817500,3634.9999999278675,-3098422.4657916725,299.3705773479956,136
1820000,3639.9999999277493,-3095409.6885680184,299.21498336824294,136
1822500,3644.999999927631,-3098200.8735022563,300.3250357472845,136
1825000,3649.999999927513,-3096184.1343426127,300.21477515045444,136
1827500,3654.9999999273946,-3097435.5890122987,300.63638321329296,136
1830000,3659.9999999272763,-3096910.576090509,299.6142320517024,136
1832500,3664.999999927158,-3097751.758566899,300.5785619702599,136
1835000,3669.99999992704,-3099004.2566862796,300.17660281405375,136
1837500,3674.9999999269216,-3094391.4413075037,300.45709961472943,136
1840000,3679.9999999268034,-3095636.9546280224,300.09251342267396,136
1842500,3684.999999926685,-3097067.2492778413,300.7572987626522,136
1845000,3689.999999926567,-3099117.413629448,300.256231318904,136
1847500,3694.9999999264487,-3093729.329683777,300.42378984972805,136
1850000,3699.9999999263305,-3094453.954155568,300.4686277757136,136
1852500,3704.9999999262122,-3100226.974061135,300.36245615607396,136
1855000,3709.999999926094,-3095761.255918227,299.49671414347324,136
1857500,3714.9999999259758,-3098079.0803885404,298.39830320409436,136
1860000,3719.9999999258575,-3098252.1254376806,299.9948520225174,136
1862500,3724.9999999257393,-3094978.388992192,298.5278458822409,136
1865000,3729.999999925621,-3099543.9111567717,299.6129215858797,136
1867500,3734.999999925503,-3095582.507363254,299.73996505531716,136
1870000,3739.9999999253846,-3097576.4539863802,299.4964256266221,136
1872500,3744.9999999252664,-3102432.12722536,301.48065584376013,136
1875000,3749.999999925148,-3098599.097184187,300.28154410625854,136
1877500,3754.99999992503,-3101155.02411462,301.0565879308053,136
1880000,3759.9999999249117,-3097267.4350050353,300.5546921085711,136
1882500,3764.9999999247934,-3098102.487284461,299.7711291177533,136
1885000,3769.999999924675,-3095616.7929657456,300.4044827433437,136
1887500,3774.999999924557,-3096625.0660444573,300.09744338976714,136
1890000,3779.9999999244387,-3098678.841384638,300.3125996497289,136
1892500,3784.9999999243205,-3095189.377284784,299.99805721829637,136
1895000,3789.9999999242023,-3098617.0957728736,301.42462331791893,136
1897500,3794.999999924084,-3095541.2607753724,299.6769591392629,136
1900000,3799.999999923966,-3094473.209851863,300.9002273417699,136
1902500,3804.9999999238476,-3094926.658092737,300.77924904253973,136
1905000,3809.9999999237293,-3098239.1778927874,300.40409734129287,136
1907500,3814.999999923611,-3098213.958992267,299.29565305132263,136
1910000,3819.999999923493,-3097634.918192465,301.15697928178815,136
1912500,3824.9999999233746,-3096743.891311165,300.10836512546473,136
1915000,3829.9999999232564,-3094389.913072996,299.81799667602655,136
1917500,3834.999999923138,-3096119.371408023,300.12512436605687,136
1920000,3839.99999992302,-3099026.319384875,300.8810984087655,136
1922500,3844.9999999229017,-3095236.51392808,299.0356018784577,136
1925000,3849.9999999227834,-3096799.090283254,301.5948723305924,136
1927500,3854.999999922665,-3096841.8071427755,300.60090524371685,136
1930000,3859.999999922547,-3096960.859316716,300.74903786610395,136
1932500,3864.9999999224287,-3095447.590184871,301.384854459721,136
1935000,3869.9999999223105,-3094430.1615419444,301.11401819063366,136
1937500,3874.9999999221923,-3096577.8725193385,298.68756977051163,136
1940000,3879.999999922074,-3098145.740173824,299.59510367422047,136
1942500,3884.999999921956,-3099714.308335131,300.69445342266374,136
1945000,3889.9999999218376,-3094423.750441164,300.174209206534,136
1947500,3894.9999999217193,-3093313.1291470807,301.02365674368167,136
1950000,3899.999999921601,-3098344.016697228,299.57249497831026,136
1952500,3904.999999921483,-3094289.4543283302,298.89844734527225,136
1955000,3909.9999999213646,-3097387.9759966005,301.61007044072863,136
1957500,3914.9999999212464,-3095548.15615383,299.55834970484153,136
1960000,3919.999999921128,-3099672.169800319,300.3509449126839,136
1962500,3924.99999992101,-3095409.399276085,299.2001217566753,136
1965000,3929.9999999208917,-3094115.1210624576,299.1728108599072,136
1967500,3934.9999999207735,-3094790.731250033,300.65245867767806,136
1970000,3939.9999999206552,-3096574.329594219,300.07562190869174,136
1972500,3944.999999920537,-3095474.414479105,300.8345741546732,136
1975000,3949.9999999204188,-3095597.440540746,300.70511756443835,136
1977500,3954.9999999203005,-3095362.215800589,299.6868274176041,136
1980000,3959.9999999201823,-3096774.818970766,300.48465784435365,136
1982500,3964.999999920064,-3097914.4806666393,300.38383825439416,136
1985000,3969.999999919946,-3097441.399180943,300.9804131431633,136
1987500,3974.9999999198276,-3097347.3874643687,299.6717332289297,136
1990000,3979.9999999197094,-3095417.237089647,299.54202231258716,136
1992500,3984.999999919591,-3096318.056075018,300.5628428365086,136
1995000,3989.999999919473,-3099686.1090166476,299.93633981175583,136
1997500,3994.9999999193547,-3094626.4254104495,300.01213734889353,136
2000000,3999.9999999192364,-3094547.4121208917,300.9838873178287,136
2002500,4004.999999919118,-3097450.6800946016,301.16910524726825,136
2005000,4009.999999919,-3097606.184519911,299.33365004059885,136
2007500,4014.9999999188817,-3095278.2753997482,301.2845097686799,136
2010000,4019.9999999187635,-3092271.2298006676,299.11313030491135,136
2012500,4024.9999999186452,-3100018.0053481497,300.24573651909253,136
2015000,4029.999999918527,-3096436.055224117,300.5231518720991,136
2017500,4034.999999918409,-3099984.4656179715,300.19073678133634,136
2020000,4039.9999999182905,-3099671.3683208935,300.26921688761996,136
2022500,4044.9999999181723,-3098570.7943137363,299.93447683147116,136
2025000,4049.999999918054,-3095665.4654556774,302.0789355463707,136
2027500,4054.999999917936,-3098272.698100185,300.4105350779085,136
2030000,4059.9999999178176,-3100331.5516689774,300.73775417829745,136
2032500,4064.9999999176994,-3097572.8052926734,299.5089609888758,136
2035000,4069.999999917581,-3098841.858973056,300.4047278306174,136
2037500,4074.999999917463,-3100253.0626885016,301.02193745094996,136
2040000,4079.9999999173447,-3098495.031118095,300.4942273357996,136
2042500,4084.9999999172264,-3095895.491444297,300.505988092777,136
2045000,4089.999999917108,-3093968.6181834787,300.397392652151,136
2047500,4094.99999991699,-3097883.629017966,301.7083099630757,136
2050000,4099.999999917781,-3099788.8795320243,301.0652117568011,136
2052500,4104.999999918799,-3096467.361288827,299.7269618135672,136
2055000,4109.999999919818,-3098658.667089496,301.7824304126733,136
2057500,4114.999999920837,-3098605.332249673,300.61724539531474,136
2060000,4119.999999921855,-3097159.398585899,299.07052712866016,136
2062500,4124.999999922874,-3096778.557951255,301.2401069671444,136
2065000,4129.999999923893,-3098618.754560264,300.7368959216702,136
2067500,4134.999999924911,-3097623.091569679,299.264915635011,136
2070000,4139.99999992593,-3094581.422816433,299.35915455135785,136
2072500,4144.9999999269485,-3095440.109474601,299.52831031514575,136
2075000,4149.999999927967,-3099847.630833527,300.32891084346534,136
2077500,4154.999999928986,-3094383.72202868,300.3713293182525,136
2080000,4159.999999930004,-3095484.832860999,301.3905019183107,136
2082500,4164.999999931023,-3097221.4198595714,300.6805182070318,136
2085000,4169.999999932042,-3097593.3850023,299.9755980051224,136
2087500,4174.99999993306,-3098418.061459983,299.64260770502693,136
2090000,4179.999999934079,-3097293.1434285827,299.9447202069851,136
2092500,4184.999999935098,-3094537.430106772,300.44797247566083,136
2095000,4189.999999936116,-3096579.11925813,300.9788426627549,136
2097500,4194.999999937135,-3096607.2650740705,299.40477186991484,136
2100000,4199.999999938153,-3098332.4258658066,301.41897061682454,136
2102500,4204.999999939172,-3098001.858097691,299.84295573798187,136
2105000,4209.999999940191,-3098452.460464934,300.6365259796083,136
2107500,4214.999999941209,-3095665.216759879,299.89101054146454,136
2110000,4219.999999942228,-3097010.3384056166,299.99652292337174,136
2112500,4224.999999943247,-3098900.8841926903,299.53361836928974,136
2115000,4229.999999944265,-3093986.413822299,299.4889725253649,136
2117500,4234.999999945284,-3096871.9930339567,300.9649620919492,136
2120000,4239.9999999463025,-3093951.9598243423,301.4511086969485,136
2122500,4244.999999947321,-3099665.1433548722,300.32634077933466,136
2125000,4249.99999994834,-3098170.1802163627,302.0661897857782,136
2127500,4254.999999949358,-3096927.4848571327,299.81561044132087,136
2130000,4259.999999950377,-3096231.5438829567,300.8810143022209,136
2132500,4264.999999951396,-3095474.990298994,301.3556667410197,136
2135000,4269.999999952414,-3096430.9082132317,300.7138519353425,136
2137500,4274.999999953433,-3097577.7018344663,299.95746339663873,136
2140000,4279.999999954452,-3100343.049031535,300.69090631279226,136
2142500,4284.99999995547,-3095519.761195233,299.70121325211846,136
2145000,4289.999999956489,-3094541.716616854,300.65211383034074,136
2147500,4294.9999999575075,-3095060.775711473,301.0602729088998,136
2150000,4299.999999958526,-3099258.322498996,302.1075525215372,136
2152500,4304.999999959545,-3097797.5472122505,300.7850042912838,136
2155000,4309.999999960563,-3095024.0472491737,300.74036194755956,136
2157500,4314.999999961582,-3094945.7919005323,300.8233646954263,136
2160000,4319.999999962601,-3094081.9605642054,300.9871963573249,136
2162500,4324.999999963619,-3095375.1438780334,299.88202980047873,136
2165000,4329.999999964638,-3096473.8122544307,300.32521119939184,136
2167500,4334.999999965657,-3097285.555256754,299.99489497233554,136
2170000,4339.999999966675,-3096530.1048970073,300.2112989538425,136
2172500,4344.999999967694,-3096463.616833154,299.6201822728231,136
2175000,4349.9999999687125,-3098211.986548679,299.6666864974974,136
2177500,4354.999999969731,-3101288.5118742306,300.79431908993706,136
2180000,4359.99999997075,-3097623.336774541,300.65812158295256,136
2182500,4364.999999971768,-3098120.2811205145,298.6694572868238,136
2185000,4369.999999972787,-3098061.367973309,301.05828172764154,136
2187500,4374.999999973806,-3097496.269619815,301.17392501633793,136
2190000,4379.999999974824,-3095498.506832959,299.4408752733031,136
2192500,4384.999999975843,-3098553.631142495,300.71878874913386,136
2195000,4389.999999976862,-3095978.5010675043,298.3858915136024,136
2197500,4394.99999997788,-3096619.0059382953,300.42462600815077,136
2200000,4399.999999978899,-3096552.4632468875,299.1994220523413,136
2202500,4404.999999979917,-3098147.4183326457,300.2147426921717,136
2205000,4409.999999980936,-3095413.884465482,300.77403749981136,136
2207500,4414.999999981955,-3098855.712341914,300.02032902024035,136
2210000,4419.999999982973,-3096803.5438591056,299.87060895336833,136
2212500,4424.999999983992,-3098923.8442744557,299.82066044302877,136
2215000,4429.999999985011,-3095978.6613651384,300.34130331322973,136
2217500,4434.999999986029,-3095317.0051822364,300.72570996160306,136
2220000,4439.999999987048,-3093921.65572905,299.9906063566306,136
2222500,4444.9999999880665,-3093764.4873827826,299.96160740316446,136
2225000,4449.999999989085,-3099085.5125472434,300.09084490951494,136
2227500,4454.999999990104,-3096005.4101874735,299.87074052544506,136
2230000,4459.999999991122,-3095263.482166115,299.4214388928548,136
2232500,4464.999999992141,-3096871.68643832,299.4987091406641,136
2235000,4469.99999999316,-3097611.494352432,300.79571190506306,136
2237500,4474.999999994178,-3100705.643817788,300.3499970985047,136
2240000,4479.999999995197,-3098272.6100931764,300.02187848978315,136
2242500,4484.999999996216,-3096683.897788275,300.423473126288,136
2245000,4489.999999997234,-3095534.8123301826,300.2870745296645,136
2247500,4494.999999998253,-3097253.1155406237,300.97335297752574,136
2250000,4499.9999999992715,-3097549.6266745403,299.8761810605979,136
2252500,4505.00000000029,-3097495.3149870876,299.6618655950876,136
2255000,4510.000000001309,-3096413.959722342,299.8633329680958,136
2257500,4515.000000002327,-3097489.857981568,300.5592507973736,136
2260000,4520.000000003346,-3099505.9301377013,300.02630463030823,136
2262500,4525.000000004365,-3099757.947999239,301.18229408717076,136
2265000,4530.000000005383,-3095954.3691272233,300.5888725317326,136
2267500,4535.000000006402,-3098191.7287289426,300.3201591398395,136
2270000,4540.000000007421,-3098051.754988743,299.43249703245266,136
2272500,4545.000000008439,-3097086.8540457673,299.86360546229656,136
2275000,4550.000000009458,-3099554.450491382,300.353041812758,136
2277500,4555.0000000104765,-3093205.832560897,299.23918107308657,136
2280000,4560.000000011495,-3097889.825455347,300.81379092473,136
2282500,4565.000000012514,-3095253.0631019473,299.8845992798716,136
2285000,4570.000000013532,-3097437.7480583657,299.6729801282109,136
2287500,4575.000000014551,-3096129.2801804356,301.17339035589663,136
2290000,4580.00000001557,-3094673.3925947174,299.76571913586486,136
2292500,4585.000000016588,-3094311.3729439564,299.9631148979376,136
2295000,4590.000000017607,-3094462.766888993,300.33910144247,136
2297500,4595.0000000186255,-3096172.3378852867,300.7836185510478,136
2300000,4600.000000019644,-3098177.767187653,300.04676056880726,136
2302500,4605.000000020663,-3100745.836123433,300.5859586850842,136
2305000,4610.000000021681,-3097155.019204784,300.7655410131104,136
2307500,4615.0000000227,-3096173.604733741,301.8088629869911,136
2310000,4620.000000023719,-3097936.7061837837,300.7163214284104,136
2312500,4625.000000024737,-3097469.244944902,300.04404426773965,136
2315000,4630.000000025756,-3099283.659077991,300.3663327128922,136
2317500,4635.000000026775,-3096956.180581184,300.22351040328925,136
2320000,4640.000000027793,-3099130.06163493,299.7638883024325,136
2322500,4645.000000028812,-3098427.5439739823,301.1910493603929,136
2325000,4650.0000000298305,-3099397.8416617345,300.65679955684215,136
2327500,4655.000000030849,-3100691.761657633,300.8979247254133,136
2330000,4660.000000031868,-3098031.454450108,300.455768099833,136
2332500,4665.000000032886,-3097815.1212621853,299.48302142253874,136
2335000,4670.000000033905,-3098120.1609251816,300.13614982526786,136
2337500,4675.000000034924,-3097389.8053313456,300.4531315954945,136
2340000,4680.000000035942,-3096079.389346907,300.9138793284583,136
2342500,4685.000000036961,-3096418.0227904283,299.89814669245567,136
2345000,4690.00000003798,-3095273.1944706123,300.8191925774438,136
2347500,4695.000000038998,-3095707.2763523366,299.42970894139063,136
2350000,4700.000000040017,-3097746.2738628164,299.73183416768813,136
2352500,4705.0000000410355,-3096595.4403333385,299.79801491003974,136
2355000,4710.000000042054,-3098234.840419855,300.0647705528585,136
2357500,4715.000000043073,-3098238.5959116034,299.9823358555965,136
2360000,4720.000000044091,-3099137.289403362,299.9671486964611,136
2362500,4725.00000004511,-3099483.9699008744,300.70902666546823,136
2365000,4730.000000046129,-3102223.8259428907,301.0419406325524,136
2367500,4735.000000047147,-3097089.186215548,300.658122979519,136
2370000,4740.000000048166,-3098234.7439509444,301.2639208133686,136
2372500,4745.000000049185,-3096775.9665211216,301.3002100177186,136
2375000,4750.000000050203,-3097260.8164105285,300.47819716836045,136
2377500,4755.000000051222,-3097097.7962911054,300.40751700740157,136
2380000,4760.0000000522405,-3096468.9829903394,300.71854313776714,136
2382500,4765.000000053259,-3095034.3527224623,299.9457919909195,136
2385000,4770.000000054278,-3097613.8586793113,300.5135649920567,136
2387500,4775.000000055296,-3098851.140132971,300.7566289164264,136
2390000,4780.000000056315,-3095122.9073816054,300.33390002002415,136
2392500,4785.000000057334,-3096269.944303764,299.624372959369,136
2395000,4790.000000058352,-3097742.8891994283,300.81280896699474,136
2397500,4795.000000059371,-3102804.56852418,300.5802562344685,136
2400000,4800.0000000603895,-3097298.4620981906,301.3815363238373,136
2402500,4805.000000061408,-3097497.8966018446,300.4402834827823,136
2405000,4810.000000062427,-3096670.050431175,301.0461851134974,136
2407500,4815.000000063445,-3094598.0870379023,300.15145185863076,136
2410000,4820.000000064464,-3095595.580530852,300.1667868062266,136
2412500,4825.000000065483,-3098392.7483947705,299.9143929053494,136
2415000,4830.000000066501,-3097866.265861379,300.50473252371233,136
2417500,4835.00000006752,-3095853.9031535573,299.33212866443347,136
2420000,4840.000000068539,-3098295.4963937793,300.64228370482914,136
2422500,4845.000000069557,-3098369.414033694,301.07172942839276,136
2425000,4850.000000070576,-3096700.435511017,299.9379690882577,136
2427500,4855.0000000715945,-3096206.6525307596,300.34258052224635,136
2430000,4860.000000072613,-3097039.955357684,300.4691088505431,136
2432500,4865.000000073632,-3099830.425254699,300.39271850504275,136
2435000,4870.00000007465,-3099055.7812255397,300.03451556581985,136
2437500,4875.000000075669,-3099401.6388651747,299.91997589507145,136
2440000,4880.000000076688,-3097927.1135079246,299.811280365274,136
2442500,4885.000000077706,-3096087.41472695,299.98363517666843,136
2445000,4890.000000078725,-3098044.8427603357,300.8090991077898,136
2447500,4895.000000079744,-3096668.251462247,301.89385645969423,136
2450000,4900.000000080762,-3099727.669120768,300.90963546004775,136
2452500,4905.000000081781,-3092145.0303174593,299.9225974654718,136
2455000,4910.0000000827995,-3096816.0504919756,299.28166954917356,136
2457500,4915.000000083818,-3096098.8402129337,300.32071517257157,136
2460000,4920.000000084837,-3095573.8425311577,300.6451686386136,136
2462500,4925.000000085855,-3097367.1424103156,300.4400117708298,136
2465000,4930.000000086874,-3096678.7396127116,300.4796638854353,136
2467500,4935.000000087893,-3096649.4954832904,299.1707159807359,136
2470000,4940.000000088911,-3097277.3993301503,299.2234774800825,136
2472500,4945.00000008993,-3096918.3767561447,300.0344417784392,136
2475000,4950.000000090949,-3096669.9685937967,299.6825527185185,136
2477500,4955.000000091967,-3097946.915116785,301.3368128568987,136
2480000,4960.000000092986,-3097930.4830909707,300.14005558459866,136
2482500,4965.0000000940045,-3094151.0375651605,300.47891505633487,136
2485000,4970.000000095023,-3095872.1641976275,299.40560037933415,136
2487500,4975.000000096042,-3095530.0590103157,300.7493485914491,136
2490000,4980.00000009706,-3096154.2181504685,299.6597958748439,136
2492500,4985.000000098079,-3098127.5675960165,300.46276436997346,136
2495000,4990.000000099098,-3094960.8847386315,299.65757763433425,136
2497500,4995.000000100116,-3095445.1306524985,301.8991112456233,136
2500000,5000.000000101135,-3100535.322974952,300.53842490212077,136
2502500,5005.0000001021535,-3098271.573372936,300.35675523455876,136
2505000,5010.000000103172,-3098418.9918180555,299.92297110475874,136
2507500,5015.000000104191,-3095688.748787364,300.71884617348815,136
2510000,5020.000000105209,-3094080.700318776,299.55323175196247,136
2512500,5025.000000106228,-3097636.928231582,300.01890125562596,136
2515000,5030.000000107247,-3097231.1227948926,299.28111505228463,136
2517500,5035.000000108265,-3096587.4218014516,300.1735222318599,136
2520000,5040.000000109284,-3096692.698728122,300.2366859399401,136
2522500,5045.000000110303,-3097371.108255435,299.98918841596355,136
2525000,5050.000000111321,-3097847.4480187017,299.93668336596306,136
2527500,5055.00000011234,-3096141.3941848557,298.89194250822965,136
2530000,5060.0000001133585,-3102544.388935402,301.3686907740577,136
2532500,5065.000000114377,-3099160.9620005284,300.0398128564365,136
2535000,5070.000000115396,-3096804.292206498,300.45435146521544,136
2537500,5075.000000116414,-3099094.9861095734,300.8788879183903,136
2540000,5080.000000117433,-3098135.7957220804,299.86475641348625,136
2542500,5085.000000118452,-3097550.8987210914,300.1520865850139,136
2545000,5090.00000011947,-3095436.3747900557,299.94527038087716,136
2547500,5095.000000120489,-3093594.968581125,300.46313918155016,136
2550000,5100.000000121508,-3095932.0440269057,299.91167224613145,136
2552500,5105.000000122526,-3095935.7719790116,299.73712220209853,136
2555000,5110.000000123545,-3099298.099946229,299.4278303357958,136
2557500,5115.0000001245635,-3096793.253119329,299.6386955031929,136
2560000,5120.000000125582,-3100651.936956944,300.16259909521324,136
2562500,5125.000000126601,-3097234.265699936,301.1369786489089,136
2565000,5130.000000127619,-3098229.59130574,299.7773805665231,136
2567500,5135.000000128638,-3096881.743480187,300.10085680312005,136
2570000,5140.000000129657,-3100583.171491705,300.8687374121171,136
2572500,5145.000000130675,-3098331.1638156306,300.0508008930028,136
2575000,5150.000000131694,-3099198.5702492744,300.3731524641106,136
2577500,5155.000000132713,-3093893.195905136,301.5917429218214,136
2580000,5160.000000133731,-3095464.1961848363,300.2748704545777,136
2582500,5165.00000013475,-3095834.030092947,301.6861158978362,136
2585000,5170.0000001357685,-3097416.7155608553,299.9832043386465,136
2587500,5175.000000136787,-3099737.289021028,299.46038538334045,136
2590000,5180.000000137806,-3096048.615921749,298.89434278340946,136
2592500,5185.000000138824,-3096629.1052027754,300.28548183642533,136
2595000,5190.000000139843,-3095947.47752434,300.0491300797531,136
2597500,5195.000000140862,-3098845.6449178383,299.77525297839,136
2600000,5200.00000014188,-3096505.956348026,298.8903364682647,136
2602500,5205.000000142899,-3097119.903145479,299.5496500524136,136
2605000,5210.0000001439175,-3096878.2762677,300.25035483279856,136
2607500,5215.000000144936,-3098759.631311927,300.33950022720836,136
2610000,5220.000000145955,-3097901.0303405747,299.809931813036,136
2612500,5225.000000146973,-3096532.9177624993,300.5967227988692,136
2615000,5230.000000147992,-3096792.7772659063,299.6249196006885,136
2617500,5235.000000149011,-3097592.5619530194,300.04042643629725,136
2620000,5240.000000150029,-3096789.209041031,300.67736334995857,136
2622500,5245.000000151048,-3097869.594581984,298.91031881996065,136
2625000,5250.000000152067,-3097000.4822916333,300.2659101333227,136
2627500,5255.000000153085,-3095960.007621279,301.57649688516256,136
2630000,5260.000000154104,-3097131.8699347265,300.85046553516264,136
2632500,5265.0000001551225,-3097289.5182211455,301.00888370814374,136
2635000,5270.000000156141,-3097865.043797491,300.1460359550848,136
2637500,5275.00000015716,-3097298.64682479,301.33624266163986,136
2640000,5280.000000158178,-3102412.859106723,301.8182641596569,136
2642500,5285.000000159197,-3094879.2065555286,300.91072903909367,136
2645000,5290.000000160216,-3097161.489014238,300.1739549017079,136
2647500,5295.000000161234,-3096067.14879613,300.572804252845,136
2650000,5300.000000162253,-3095324.9502801914,299.6384749737247,136
2652500,5305.000000163272,-3096955.902621124,301.30614222280076,136
2655000,5310.00000016429,-3097821.5670339316,299.2846874283,136
2657500,5315.000000165309,-3098805.3753959425,300.7679826457675,136
2660000,5320.0000001663275,-3097562.0054884963,300.8959758585129,136
2662500,5325.000000167346,-3100170.086903341,300.5857387062974,136
2665000,5330.000000168365,-3097325.782859454,301.21041940662974,136
2667500,5335.000000169383,-3098723.9951088354,300.3434568556499,136
2670000,5340.000000170402,-3099209.9737778716,300.20560272086493,136
2672500,5345.000000171421,-3097800.354613228,300.34250647312786,136
2675000,5350.000000172439,-3095527.6637883596,299.366694610522,136
2677500,5355.000000173458,-3100205.6311039086,300.62300795984476,136
2680000,5360.000000174477,-3094866.4998415504,299.12479252188297,136
2682500,5365.000000175495,-3100199.575978581,299.61872001566485,136
2685000,5370.000000176514,-3099232.8116791956,299.642132965313,136
2687500,5375.0000001775325,-3097281.942174539,301.33559288988346,136
2690000,5380.000000178551,-3096329.169818217,300.3664110802004,136
2692500,5385.00000017957,-3097932.077791309,300.03639059308625,136
2695000,5390.000000180588,-3098274.6793595143,299.6020856830045,136
2697500,5395.000000181607,-3096960.406094188,300.3228659507861,136
2700000,5400.000000182626,-3097244.529174,299.78413978871595,136
2702500,5405.000000183644,-3099886.0753268935,299.4451896623822,136
2705000,5410.000000184663,-3096679.0791607685,300.4268668981031,136
2707500,5415.0000001856815,-3097487.383014545,301.55907738670334,136
2710000,5420.0000001867,-3097981.5148637034,300.3511783988508,136
2712500,5425.000000187719,-3094100.6183697153,301.09786635411245,136
2715000,5430.000000188737,-3098065.200648695,300.54363054548725,136
2717500,5435.000000189756,-3098832.6049832962,300.43687542961595,136
2720000,5440.000000190775,-3097984.898865575,301.19421684168196,136
2722500,5445.000000191793,-3095440.5391691793,300.4471857223964,136
2725000,5450.000000192812,-3098548.63449385,300.2803526065439,136
2727500,5455.000000193831,-3100695.1947271843,300.68717310103665,136
2730000,5460.000000194849,-3095997.8843496814,300.450792411008,136
2732500,5465.000000195868,-3097033.907419769,299.2453596446467,136
2735000,5470.0000001968865,-3097032.050936958,298.88328664983084,136
2737500,5475.000000197905,-3095695.227898417,300.93029414233683,136
2740000,5480.000000198924,-3097174.683358945,300.29807751100054,136
2742500,5485.000000199942,-3099574.31470179,300.4311567538196,136
2745000,5490.000000200961,-3098032.535319045,301.6144690438407,136
2747500,5495.00000020198,-3094479.220101794,300.12154376223003,136
2750000,5500.000000202998,-3096818.6530880984,301.1140161801084,136
2752500,5505.000000204017,-3097142.8007494193,299.8353729131816,136
2755000,5510.000000205036,-3094504.5805803873,300.47840134587494,136
2757500,5515.000000206054,-3101557.9199687857,300.67625342293235,136
2760000,5520.000000207073,-3098446.8503421806,300.46523862623854,136
2762500,5525.0000002080915,-3097689.6221789084,300.3772802587304,136
2765000,5530.00000020911,-3100452.1264723223,300.23986869636883,136
2767500,5535.000000210129,-3097689.017325932,300.4763795095387,136
2770000,5540.000000211147,-3094069.7788641844,300.2410219585069,136
2772500,5545.000000212166,-3097637.4943704754,300.50086746199077,136
2775000,5550.000000213185,-3094854.1286783777,300.6223973200525,136
2777500,5555.000000214203,-3095206.2959276866,299.7578080277476,136
2780000,5560.000000215222,-3094521.9855305813,300.77135939799166,136
2782500,5565.000000216241,-3098382.995966146,300.4370394129943,136
2785000,5570.000000217259,-3098243.685536228,299.5888945212239,136
2787500,5575.000000218278,-3101491.068398889,300.5651496514315,136
2790000,5580.000000219296,-3098145.978799073,300.5016000203719,136
2792500,5585.000000220315,-3095117.8811532445,299.7406053787384,136
2795000,5590.000000221334,-3095610.37778051,300.92912900527944,136
2797500,5595.000000222352,-3098924.9090181068,301.10427159546254,136
2800000,5600.000000223371,-3094930.036720777,299.9983400928954,136
2802500,5605.00000022439,-3097927.0146653,300.3741497398595,136
2805000,5610.000000225408,-3096799.9227651022,299.48089105453585,136
2807500,5615.000000226427,-3095959.02433848,299.67053775195814,136
2810000,5620.0000002274455,-3094653.7620400134,301.17110909338385,136
2812500,5625.000000228464,-3095347.22150263,301.26416099265697,136
2815000,5630.000000229483,-3099493.361787526,299.71146447293984,136
2817500,5635.000000230501,-3099560.6000351775,299.6516493800896,136
2820000,5640.00000023152,-3095764.013386762,300.71213125490647,136
2822500,5645.000000232539,-3097945.7394703403,300.960702970682,136
2825000,5650.000000233557,-3097167.2228766475,299.696392860141,136
2827500,5655.000000234576,-3097099.4990029186,300.2932709739261,136
2830000,5660.000000235595,-3096020.999317631,299.772151346963,136
2832500,5665.000000236613,-3096901.547715146,300.20082897353916,136
2835000,5670.000000237632,-3097662.515342541,299.9934481583903,136
2837500,5675.0000002386505,-3099377.702880807,298.6847472358399,136
2840000,5680.000000239669,-3096870.44224179,299.87134041877727,136
2842500,5685.000000240688,-3101244.3279531617,299.76634069330333,136
2845000,5690.000000241706,-3098236.548870899,300.2157483246909,136
2847500,5695.000000242725,-3098023.1559847947,300.9798343960009,136
2850000,5700.000000243744,-3098858.982414281,300.4487046141363,136
2852500,5705.000000244762,-3095798.136763593,299.63641934088764,136
2855000,5710.000000245781,-3097639.635163659,300.41681593060287,136
2857500,5715.0000002468,-3098747.3900647927,300.65090736227546,136
2860000,5720.000000247818,-3099079.6524424423,299.62166950374876,136
2862500,5725.000000248837,-3099591.300337404,299.18031649488717,136
2865000,5730.0000002498555,-3099950.8392810803,300.35549292443955,136
2867500,5735.000000250874,-3098338.646370966,299.96568031639407,136
2870000,5740.000000251893,-3099483.351983119,300.9653983895159,136
2872500,5745.000000252911,-3097316.7277306262,300.20468964301097,136
2875000,5750.00000025393,-3101381.6258551944,300.0046450331321,136
2877500,5755.000000254949,-3097317.316865241,299.90075995258934,136
2880000,5760.000000255967,-3096530.009493394,300.9449671234292,136
2882500,5765.000000256986,-3102340.4882871583,299.25099139531926,136
2885000,5770.000000258005,-3098955.6820652466,300.8528309652173,136
2887500,5775.000000259023,-3096832.8210659493,300.8540137956306,136
2890000,5780.000000260042,-3096554.1232517716,300.1778457506236,136
2892500,5785.00000026106,-3100062.029042948,300.732866847935,136
2895000,5790.000000262079,-3096530.982798826,300.7434160226759,136
2897500,5795.000000263098,-3096464.8339336403,301.4041265372468,136
2900000,5800.000000264116,-3094012.3413031045,299.8337751730246,136
2902500,5805.000000265135,-3097558.7928229477,301.461492155899,136
2905000,5810.000000266154,-3097017.2811059877,300.8743802826543,136
2907500,5815.000000267172,-3094867.021293549,299.9946671263505,136
2910000,5820.000000268191,-3096638.0612719636,300.60537062528374,136
2912500,5825.0000002692095,-3098279.531888077,299.75990475620847,136
2915000,5830.000000270228,-3099621.8458972163,301.5756178663853,136
2917500,5835.000000271247,-3097101.227654431,299.73967424158707,136
2920000,5840.000000272265,-3096618.5754661057,300.23041058003383,136
2922500,5845.000000273284,-3096497.322397843,300.6447927595138,136
2925000,5850.000000274303,-3096262.643374229,300.0608690310884,136
2927500,5855.000000275321,-3095439.704224862,300.7966702747258,136
2930000,5860.00000027634,-3099032.026491681,299.33519791247625,136
2932500,5865.000000277359,-3096973.802089175,299.3401565726071,136
2935000,5870.000000278377,-3096504.1851637773,301.35572074550487,136
2937500,5875.000000279396,-3095494.954376016,301.46201957878225,136
2940000,5880.0000002804145,-3097890.430135781,300.14608848185605,136
2942500,5885.000000281433,-3099000.252019694,300.2968001976075,136
2945000,5890.000000282452,-3097713.6199734714,301.3110730400707,136
2947500,5895.00000028347,-3097874.699402733,299.9482377125712,136
2950000,5900.000000284489,-3096823.769390149,300.64186221002694,136
2952500,5905.000000285508,-3098995.460814927,300.24122065490747,136
2955000,5910.000000286526,-3098810.2900800593,301.52099583173117,136
2957500,5915.000000287545,-3095386.746488113,300.03930150403465,136
2960000,5920.000000288564,-3100211.357203031,300.4530982712287,136
2962500,5925.000000289582,-3098063.5970080607,299.749629303833,136
2965000,5930.000000290601,-3097687.787793912,300.8010573884337,136
2967500,5935.0000002916195,-3098048.663721757,300.86997544154406,136
2970000,5940.000000292638,-3098964.548395656,300.5164893596645,136
2972500,5945.000000293657,-3096699.1813772377,301.67220242831036,136
2975000,5950.000000294675,-3097104.067225173,300.62439729637094,136
2977500,5955.000000295694,-3096994.989772087,300.2849289801658,136
2980000,5960.000000296713,-3095029.2513195965,299.6045775959102,136
2982500,5965.000000297731,-3096177.6242962275,300.0291489257012,136
2985000,5970.00000029875,-3097089.285040777,300.1040056818653,136
2987500,5975.0000002997685,-3097858.082528688,299.87547865723604,136
2990000,5980.000000300787,-3100680.53132865,299.7928951276672,136
2992500,5985.000000301806,-3096506.3240726665,301.23451561906944,136
2995000,5990.000000302824,-3098883.301772954,300.5038377415542,136
2997500,5995.000000303843,-3098285.9680533633,300.2128383407325,136
3000000,6000.000000304862,-3096125.7735592853,300.9781492804313,136
3002500,6005.00000030588,-3096577.6653013546,300.0590870409028,136
3005000,6010.000000306899,-3095478.587939786,300.32488067634705,136
3007500,6015.000000307918,-3097213.089108411,301.0375799893986,136
3010000,6020.000000308936,-3095278.2184580434,300.908317051327,136
3012500,6025.000000309955,-3095781.9809700754,300.5191783015136,136
3015000,6030.0000003109735,-3097208.2543623,300.0926689052702,136
3017500,6035.000000311992,-3098712.6593397446,299.2044982102671,136
3020000,6040.000000313011,-3097935.0484976377,300.73963121294514,136
3022500,6045.000000314029,-3096534.877721563,300.0267443407964,136
3025000,6050.000000315048,-3096347.8364314996,301.3061792755158,136
3027500,6055.000000316067,-3094674.549190797,301.12605194703707,136
3030000,6060.000000317085,-3096997.503916567,300.9311641553096,136
3032500,6065.000000318104,-3096694.777940411,299.05882657679683,136
3035000,6070.000000319123,-3095617.7270001248,298.5082575498993,136
3037500,6075.000000320141,-3097977.179511171,300.46789552143196,136
3040000,6080.00000032116,-3097086.2137009427,299.25246356072336,136
3042500,6085.0000003221785,-3099426.7288619354,299.89930423896624,136
3045000,6090.000000323197,-3097161.0820631646,299.3686983029777,136
3047500,6095.000000324216,-3096189.9782389253,300.95761824220796,136
3050000,6100.000000325234,-3098106.0591028724,301.22183180168025,136
3052500,6105.000000326253,-3095857.7429507654,299.56390798035625,136
3055000,6110.000000327272,-3097120.1515369993,300.23345116968954,136
3057500,6115.00000032829,-3093537.826823177,300.02785533112814,136
3060000,6120.000000329309,-3101593.0938390624,301.19412230295893,136
3062500,6125.000000330328,-3099513.11611142,300.23001603015706,136
3065000,6130.000000331346,-3096197.4889497478,299.1346482528464,136
3067500,6135.000000332365,-3098733.0972718783,300.92285111780245,136
3070000,6140.0000003333835,-3098000.3609750886,300.81681362329437,136
3072500,6145.000000334402,-3094656.8604046497,299.9400088896615,136
3075000,6150.000000335421,-3096325.3075127658,299.68753155166286,136
3077500,6155.000000336439,-3094987.6691830754,300.29374633068306,136
3080000,6160.000000337458,-3096817.108499853,298.6614770785478,136
3082500,6165.000000338477,-3094972.022599954,300.43680535200036,136
3085000,6170.000000339495,-3094839.476491021,300.27816090276116,136
3087500,6175.000000340514,-3098016.0709070917,300.71532223245237,136
3090000,6180.0000003415325,-3099175.0513655655,299.87516088444283,136
3092500,6185.000000342551,-3093820.7422236074,300.0573067708928,136
3095000,6190.00000034357,-3096517.9710335303,299.540158913879,136
3097500,6195.000000344588,-3099463.0355201364,300.01898483792047,136
3100000,6200.000000345607,-3096872.2961693984,300.33082933107636,136
3102500,6205.000000346626,-3094531.6442607027,301.1735777866008,136
3105000,6210.000000347644,-3095633.9642500635,300.7263158562524,136
3107500,6215.000000348663,-3100172.1080582216,300.29039439130435,136
3110000,6220.000000349682,-3097082.825465806,301.56677061979053,136
3112500,6225.0000003507,-3096598.1314616613,300.42070200014626,136
3115000,6230.000000351719,-3094832.9335099533,301.39504609218267,136
3117500,6235.0000003527375,-3095458.4249033127,301.3383915661444,136
3120000,6240.000000353756,-3095903.176579321,301.0360722293636,136
3122500,6245.000000354775,-3097948.0605697148,300.042525016695,136
3125000,6250.000000355793,-3097938.5615377165,299.66822242580685,136
3127500,6255.000000356812,-3099110.9566035606,300.1502625357232,136
3130000,6260.000000357831,-3098662.076156372,299.7292556115743,136
3132500,6265.000000358849,-3097438.4259379897,300.52029639163527,136
3135000,6270.000000359868,-3096808.0060947556,300.6754601932053,136
3137500,6275.000000360887,-3098571.928202115,300.5619243510313,136
3140000,6280.000000361905,-3101036.7643147837,299.5201779556003,136
3142500,6285.000000362924,-3095879.6161410566,300.2819369490605,136
3145000,6290.0000003639425,-3095280.0278471876,300.1767642092964,136
3147500,6295.000000364961,-3097831.9390146323,300.5706936909053,136
3150000,6300.00000036598,-3098597.376935836,301.9224569380825,136
3152500,6305.000000366998,-3097999.3692065384,299.9120241905756,136
3155000,6310.000000368017,-3096870.169922732,301.12983271323236,136
3157500,6315.000000369036,-3094192.6174060274,300.3205797435393,136
3160000,6320.000000370054,-3098744.0884614084,300.4762827786652,136
3162500,6325.000000371073,-3097542.4830559026,301.2062082556386,136
3165000,6330.000000372092,-3100028.5638178587,300.3036791390412,136
3167500,6335.00000037311,-3095275.6500112247,301.2505840500448,136
3170000,6340.000000374129,-3098087.0509587266,300.01723140697777,136
3172500,6345.0000003751475,-3099897.4175389353,299.9891536465857,136
3175000,6350.000000376166,-3098063.6890233234,299.7283003869812,136
3177500,6355.000000377185,-3096974.398889197,298.78129310841484,136
3180000,6360.000000378203,-3101101.6515539847,300.8342706654526,136
3182500,6365.000000379222,-3097568.2727183364,301.14964958087023,136
3185000,6370.000000380241,-3098071.5829810854,301.40548389553334,136
3187500,6375.000000381259,-3099411.074814327,298.8567130542174,136
3190000,6380.000000382278,-3099134.089516891,300.9783030424527,136
3192500,6385.0000003832965,-3095162.7313087564,301.37723491991227,136
3195000,6390.000000384315,-3096212.431443054,300.7178546945041,136
3197500,6395.000000385334,-3100218.893111568,300.3597302880831,136
3200000,6400.000000386352,-3097344.258876765,300.6613593805976,136
3202500,6405.000000387371,-3097026.816153314,300.21949118731834,136
3205000,6410.00000038839,-3095784.494623076,300.0369943909479,136
3207500,6415.000000389408,-3099610.177497631,299.9047978488741,136
3210000,6420.000000390427,-3096887.523475237,299.4413884021992,136
3212500,6425.000000391446,-3096863.281809291,300.01126445594815,136
3215000,6430.000000392464,-3097490.845849026,299.946550413637,136
3217500,6435.000000393483,-3095468.9726800434,301.10629264302764,136
3220000,6440.0000003945015,-3093674.596179731,300.42068720402284,136
3222500,6445.00000039552,-3096064.7407977283,299.5916687147301,136
3225000,6450.000000396539,-3095885.8001525365,299.5903362932066,136
3227500,6455.000000397557,-3099050.662891887,300.79995489607825,136
3230000,6460.000000398576,-3099015.7207483873,300.2582259897582,136
3232500,6465.000000399595,-3098207.0318579357,301.1328676221314,136
3235000,6470.000000400613,-3096101.948536847,300.0635435258116,136
3237500,6475.000000401632,-3094165.9480415825,299.344531959921,136
3240000,6480.000000402651,-3098402.0731642395,299.63855062953604,136
3242500,6485.000000403669,-3101863.727339966,299.52695414787576,136
3245000,6490.000000404688,-3096408.5643884987,301.0133587262257,136
3247500,6495.0000004057065,-3096469.0889178645,301.4622123829076,136
3250000,6500.000000406725,-3096680.864448441,299.9501613820642,136
3252500,6505.000000407744,-3093133.142079361,301.36724083530095,136
3255000,6510.000000408762,-3097250.3265902717,298.81345883753517,136
3257500,6515.000000409781,-3096421.241849052,299.56780100771607,136
3260000,6520.0000004108,-3095377.542936532,301.6041330996131,136
3262500,6525.000000411818,-3095773.2079240885,301.0832009222748,136
3265000,6530.000000412837,-3096530.8576351535,300.7572537702172,136
3267500,6535.000000413856,-3098592.2540135514,301.72015535444046,136
3270000,6540.000000414874,-3100214.0603450425,300.24589423163826,136
3272500,6545.000000415893,-3097631.475505965,300.73921266940954,136
3275000,6550.0000004169115,-3097523.3906761147,300.3255778582777,136
3277500,6555.00000041793,-3097260.2614299376,302.0569334769038,136
3280000,6560.000000418949,-3096666.2948580813,300.5308564046122,136
3282500,6565.000000419967,-3101267.0262013916,301.2667806572453,136
3285000,6570.000000420986,-3100565.0941910893,299.1075646748411,136
3287500,6575.000000422005,-3099431.474539833,300.4196210488363,136
3290000,6580.000000423023,-3100082.6790627968,299.6389728124409,136
3292500,6585.000000424042,-3093865.4626382496,300.4883544353498,136
3295000,6590.0000004250605,-3097640.1359616555,300.1701876874719,136
3297500,6595.000000426079,-3098094.8027760778,299.8939259750918,136
3300000,6600.000000427098,-3098877.5881828554,299.3254108963636,136
3302500,6605.000000428116,-3099401.9782207347,300.1136950471965,136
3305000,6610.000000429135,-3099347.558221545,300.0338944162808,136
3307500,6615.000000430154,-3098192.3205198385,300.5351924315483,136
3310000,6620.000000431172,-3099162.0922368076,301.1120367120398,136
3312500,6625.000000432191,-3100120.3968121074,300.3325552216852,136
3315000,6630.00000043321,-3096949.301831253,300.21609519945747,136
3317500,6635.000000434228,-3095737.2575622275,300.40212211203306,136
3320000,6640.000000435247,-3098095.639372142,299.5782692088725,136
3322500,6645.0000004362655,-3098317.7773375586,299.60555040278405,136
3325000,6650.000000437284,-3098493.440012455,300.4035433027377,136
3327500,6655.000000438303,-3096115.242183812,300.4669321186466,136
3330000,6660.000000439321,-3097314.0828245524,301.5834189398154,136
3332500,6665.00000044034,-3098265.413321547,300.57423118376994,136
3335000,6670.000000441359,-3097175.008366326,300.61367838921075,136
3337500,6675.000000442377,-3096138.603846442,299.64124091498127,136
3340000,6680.000000443396,-3095262.110926345,299.9592567417771,136
3342500,6685.000000444415,-3098380.060879603,301.20091391047293,136
3345000,6690.000000445433,-3097992.2321413998,300.0335842957285,136
3347500,6695.000000446452,-3094464.9912096877,299.67753803671667,136
3350000,6700.0000004474705,-3095821.8350385595,301.2148723961498,136
3352500,6705.000000448489,-3098761.602916483,299.86800447933626,136
3355000,6710.000000449508,-3095927.428884266,300.6659091100164,136
3357500,6715.000000450526,-3097326.8998634554,301.3131423154706,136
3360000,6720.000000451545,-3096180.262623165,301.00986140263564,136
3362500,6725.000000452564,-3095612.679903902,299.4237667206747,136
3365000,6730.000000453582,-3101497.8897298593,300.35315427184025,136
3367500,6735.000000454601,-3095557.3208824005,299.68687273861156,136
3370000,6740.00000045562,-3094089.2185718454,300.39650582640604,136
3372500,6745.000000456638,-3095252.0949850753,300.40189593256827,136
3375000,6750.000000457657,-3094537.914567709,300.78756249462646,136
3377500,6755.0000004586755,-3098175.753068406,299.9074489227215,136
3380000,6760.000000459694,-3098968.9234177712,300.73077291186723,136
3382500,6765.000000460713,-3096399.1471268125,299.5256105610403,136
3385000,6770.000000461731,-3097770.4206340965,299.8639213558796,136
3387500,6775.00000046275,-3097588.9160611574,299.41662938026843,136
3390000,6780.000000463769,-3096093.284220595,300.2819163581751,136
3392500,6785.000000464787,-3094690.989243934,300.50559993975816,136
3395000,6790.000000465806,-3095706.386855455,300.71975785254045,136
3397500,6795.0000004668245,-3093359.626304107,299.7369755176027,136
3400000,6800.000000467843,-3097433.2063506097,299.5574181306942,136
3402500,6805.000000468862,-3095701.9057613257,299.59233154552976,136
3405000,6810.00000046988,-3098320.5607135687,299.63492135744565,136
3407500,6815.000000470899,-3097344.8725099806,300.23591880290763,136
3410000,6820.000000471918,-3095691.4108982254,301.28672961647163,136
3412500,6825.000000472936,-3096681.7010846194,300.28730456693216,136
3415000,6830.000000473955,-3102095.4302991424,300.6069538882954,136
3417500,6835.000000474974,-3097987.0278258026,300.8697977397644,136
3420000,6840.000000475992,-3100045.368623657,299.63727793492535,136
3422500,6845.000000477011,-3096440.416953169,300.4950637222552,136
3425000,6850.0000004780295,-3097536.6475035213,300.9936429036764,136
3427500,6855.000000479048,-3095267.552142905,300.4449486111903,136
3430000,6860.000000480067,-3097849.732617438,299.9302237970637,136
3432500,6865.000000481085,-3095044.464378586,300.75108961093076,136
3435000,6870.000000482104,-3097626.580784591,299.88241688192176,136
3437500,6875.000000483123,-3097632.639639793,300.53612684210634,136
3440000,6880.000000484141,-3096782.442556817,301.25957983162124,136
3442500,6885.00000048516,-3095329.751267288,300.6573220516585,136
3445000,6890.000000486179,-3096775.5330337156,300.16984053645217,136
3447500,6895.000000487197,-3099245.821397094,299.49709962691804,136
3450000,6900.000000488216,-3097279.928301651,298.85737567602047,136
3452500,6905.0000004892345,-3092734.7135418653,300.89986808332213,136
