peptide,length_k392,ppl_k392,length_n392,ppl_n392,ppl_ratio,selectivity
KPLALFGLLPYY,12,12.778469427817924,12,17.79240255628703,1.3923735277367482,K392-SEL
NVLLPPGLLQLYL,13,27.37201003906262,13,36.03144648978493,1.3163609993699559,K392-SEL
KTALLPAGLLGIK,13,13.305010932188463,13,17.365744840414557,1.305203349995156,K392-SEL
SPLLLYLLQQYL,12,31.28566661591685,12,40.62751719728381,1.2985984187600532,NEUTRAL
NTLLLFGLLLGY,12,34.841622511081255,12,45.20361291106567,1.2974026366507134,NEUTRAL
STLLLFGPPLGY,12,28.02442572017799,12,36.31814006501608,1.295945916167927,NEUTRAL
KPLLLFGLLLGY,12,21.08987018216171,12,26.931942250991323,1.2770084414161529,NEUTRAL
KVPPPYLLLLPY,12,16.209570741812925,12,20.698830870895428,1.2769512037417723,NEUTRAL
SPAALQLILK,10,8.897191832527273,10,11.35936219426408,1.2767356721179541,NEUTRAL
KPPPLQLILK,10,9.515534126538036,10,11.877933263543952,1.2482676332816023,NEUTRAL
KVAPLQQYGT,10,19.604292335530797,10,24.34714324643392,1.2419292076310853,NEUTRAL
SPPLLLLILT,10,38.18913095994961,10,47.38348473063317,1.240758392232754,NEUTRAL
NTLLALGLLLYF,12,39.81191315517752,12,49.20100635991005,1.2358362726286487,NEUTRAL
STLLLFPLLPGY,12,43.59396810775889,12,53.79959666626706,1.2341064372318922,NEUTRAL
SVLKLQLPPLK,11,9.892952865400257,11,12.202662286063674,1.2334701733737583,NEUTRAL
SVLLLLGLQLGY,12,42.37701480226879,12,52.268814784795325,1.2334237092603546,NEUTRAL
STLLLYGLQLYL,12,40.36575731766099,12,49.636573739816185,1.2296703205441655,NEUTRAL
STLLLPPPPPYY,12,12.559651888003435,12,15.400882754276635,1.226218918454822,NEUTRAL
KPLLLQLINK,10,11.996167125221222,10,14.709053830954762,1.2261461246259115,NEUTRAL
KPLLALGLLPYY,12,16.621679005851465,12,20.351987784776558,1.224424306209492,NEUTRAL
KVLPPPLLPFT,11,14.801303651613786,11,18.08317774103562,1.2217287184067742,NEUTRAL
STLLALGLLLYF,12,39.95447034084781,12,48.708057544915704,1.2190890563531906,NEUTRAL
STLPPLGPLPYF,12,10.533135424534535,12,12.796945316354911,1.2149226987576127,NEUTRAL
SPLLLLLLQLGK,12,20.743664351900676,12,25.122376321919585,1.2110867152368718,NEUTRAL
KPLPPPGLLQYL,12,20.071113554890157,12,24.30013488535675,1.210701878543068,NEUTRAL
SPLKLYGLLLPY,12,18.07839275847115,12,21.868468712394467,1.209646731573932,NEUTRAL
KTPLLLGLLLLLY,13,29.98469183594396,13,36.24634209741462,1.208828234611521,NEUTRAL
NPLLLLLLGGT,11,29.70513689136335,11,35.78844357905735,1.204789720711999,NEUTRAL
NTPLLPGGLLPYY,13,16.706949107380016,13,20.12501594127749,1.2045895281016687,NEUTRAL
NPLPLPLLPGT,11,8.105413387508912,11,9.760460916926963,1.2041903910747613,NEUTRAL
STLLLKGLLLGYN,13,15.608477224174125,13,18.769381457747997,1.202512018832838,NEUTRAL
KPLPLLLFPFT,11,14.244785435311679,11,17.1254258492063,1.2022242052697927,NEUTRAL
STLPLGLPPYY,11,16.323194011155937,11,19.55172870541779,1.1977881713625005,NEUTRAL
SPEKLKAGLLKIY,13,11.584272744276335,13,13.802928650669324,1.1915231068337202,NEUTRAL
STLLPPGPQPFY,12,29.058044342794343,12,34.61674453378231,1.1912964315634127,NEUTRAL
NPLLPPALLLLYN,13,20.14405451377071,13,23.970310130348835,1.1899446615358618,NEUTRAL
SVLLALGLLLPY,12,39.07615066127919,12,46.36287242858735,1.1864749122929505,NEUTRAL
STLPLLGYFK,10,11.62660707046919,10,13.786263857006924,1.1857512491346782,NEUTRAL
SVLLPPGPQPPY,12,27.105579687704168,12,32.13881216988592,1.185689903708828,NEUTRAL
SPLKLLLLQLK,11,18.08660128931256,11,21.427790103856246,1.1847328174651588,NEUTRAL
SPPLLQQLLT,10,12.761072867851432,10,15.110537545784716,1.184111845631116,NEUTRAL
SVALPLLLLQYL,12,21.11808224714641,12,24.956760008079442,1.181772081196044,NEUTRAL
SPLLLLGPLLYY,12,33.92705698593845,12,40.059688713165144,1.1807593193175716,NEUTRAL
NPLLLYKLLLGY,12,24.24467815868278,12,28.596398482173612,1.1794917752674867,NEUTRAL
SPELLKGLLLPLL,13,13.113350190417883,13,15.405774443939945,1.1748160630375883,NEUTRAL
NPLLLGSFLYT,11,16.81442675273873,11,19.747044898339198,1.174410831170489,NEUTRAL
KTPLLLLLGT,10,16.863627318437153,10,19.783632147253982,1.1731540180340894,NEUTRAL
KPLPPPGLLQLIN,13,18.19020382471936,13,21.339595262626318,1.1731366766559883,NEUTRAL
SVLPLPSFLYT,11,13.591561852746857,11,15.933066693664992,1.172276362811454,NEUTRAL
KPLLLPLLLLY,11,13.352111889018945,11,15.63768362837041,1.1711767964760067,NEUTRAL
SPLTLKKGKQGIY,13,20.339545460672046,13,23.82085725245747,1.1711597635510973,NEUTRAL
KPLPLYGLQQPK,12,14.018164011523417,12,16.408763654695914,1.1705358591330035,NEUTRAL
KPLLLPSFLLY,11,9.645998343794867,11,11.289977510775715,1.1704312097501444,NEUTRAL
NTLLLGSLGGT,11,13.207045872367454,11,15.440924908890274,1.1691429755079954,NEUTRAL
SPLLLKGPLLPLY,13,15.507010906905967,13,18.127872763920166,1.1690114150785187,NEUTRAL
NPELLPGLPLLLK,13,7.4982034951579815,13,8.756127928205748,1.1677634427846724,NEUTRAL
NPLLLPGLLLPIK,13,14.735294882235412,13,17.198827997826545,1.1671858714250178,NEUTRAL
NPPLLPALPLLLL,13,11.053086635854736,13,12.877507039700323,1.165059812154861,NEUTRAL
KPPPLQQLLK,10,11.420271700415782,10,13.302971388488402,1.164855945415386,NEUTRAL
KPLLLKAGLLGYY,13,15.217857415590075,13,17.722757671596632,1.1646026893010832,NEUTRAL
KTPLPLALLLPYK,13,11.257854308004305,13,13.097889556278618,1.1634445781525218,NEUTRAL
KPPPLLLLLF,10,27.235988452567018,10,31.681504642183533,1.1632221352038914,NEUTRAL
SPLLPFGLLFGY,12,16.75407751869294,12,19.48023585882776,1.1627161111731266,NEUTRAL
SPLLPPGLLPYF,12,17.14274251883105,12,19.928659863086775,1.1625129317082978,NEUTRAL
STLLPLPPPFYY,12,21.157456919559415,12,24.584050838118593,1.161956795260748,NEUTRAL
NPLKLPLLLLK,11,11.342767136745321,11,13.147585838777715,1.1591162615148483,NEUTRAL
NPLLALGLLPGY,12,19.3925653800405,12,22.46708273746524,1.1585410334926156,NEUTRAL
KPLLLKGGLLPLY,13,13.117362060272239,13,15.119885665915213,1.1526620669950016,NEUTRAL
SVPLLLGGLPPYL,13,15.957446641109627,13,18.38800993435515,1.1523153013079108,NEUTRAL
KPLLLPLFPLK,11,9.002916927244934,11,10.37087026701959,1.1519455695114669,NEUTRAL
KPLPLLLLLLYL,12,23.46734419711181,12,26.991306212017463,1.1501645003075958,NEUTRAL
KPLLPYGLLLGL,12,7.694032968938396,12,8.816935547017087,1.145944601824812,NEUTRAL
SPLPLLLFPYY,11,22.67087079131201,11,25.978601948121224,1.1459022543623165,NEUTRAL
KPLLLYLPLLYY,12,28.019234641517922,12,32.06759173101644,1.1444849276325273,NEUTRAL
NPALPYGLLQGY,12,8.33875746959166,12,9.543225013147874,1.1444420883984763,NEUTRAL
KVLPALSLQLK,11,6.513676927598241,11,7.448720968040995,1.1435508777662893,NEUTRAL
NPLLGPALLQPLK,13,12.990307477785585,13,14.842645950783643,1.1425938898032781,NEUTRAL
KTLPLYGLQLYY,12,15.852774404375847,12,18.106754710285568,1.14218207163079,NEUTRAL
SPLLLLGLLPPY,12,28.015714341359047,12,31.99162432586439,1.1419171375057813,NEUTRAL
NTLLLKGGLLGYN,13,15.483847034770235,13,17.65958197902546,1.1405164323420036,NEUTRAL
STPLLLGLLLPLN,13,25.881726471153733,13,29.454138734713844,1.1380283601846157,NEUTRAL
NPLLLLGPLLPIY,13,19.709571366703425,13,22.424907245540307,1.1377673734409093,NEUTRAL
SPALLLGYGK,10,9.077926729855243,10,10.324223413497089,1.137288691650601,NEUTRAL
KVLLPLLPPLPL,12,10.419575976253224,12,11.83805329881931,1.13613580109199,NEUTRAL
KPPPPLSLLLK,11,9.637421660358076,11,10.94750902627431,1.1359375372466125,NEUTRAL
SPLLAYLLLLYY,12,48.39683152173384,12,54.914862684593345,1.1346788820241758,NEUTRAL
SPLLLLSLLLT,11,16.270084231084667,11,18.461039290512755,1.1346615683305548,NEUTRAL
NTPLLPGPLLLLY,13,31.246583070421117,13,35.43907643312507,1.134174458476155,NEUTRAL
NPLPLPSLLFT,11,7.0404205447348716,11,7.978426555840417,1.133231531432739,NEUTRAL
KPLLLKGGLPLLL,13,9.05465741495022,13,10.259720653733902,1.133087667877306,NEUTRAL
KPPLLLGLLLPLY,13,21.461012705855957,13,24.29692544090761,1.1321425402389251,NEUTRAL
NTLLLPKPLLPYL,13,12.70097076395382,13,14.367674953637707,1.1312265196621114,NEUTRAL
KPLLLLLIGG,10,18.074906122940632,10,20.40642067501376,1.1289917931642242,NEUTRAL
NPLLLPLPQGY,11,17.100052365307548,11,19.273115534107017,1.127079328318793,NEUTRAL
NTELLKGPLLPIL,13,23.105004038967845,13,26.015220592451776,1.1259561153322324,NEUTRAL
SVPLPQLYLT,10,11.583734185155391,10,13.03139070451164,1.1249732164271715,NEUTRAL
SPALPPGLLLPYK,13,11.621915022948343,13,13.066041629972647,1.1242589198228319,NEUTRAL
KTLKLLGLLLYY,12,22.916128049095356,12,25.762856707408453,1.1242238065791168,NEUTRAL
SPALLLLYNT,10,18.68433104852682,10,20.996131916777124,1.1237293892002937,NEUTRAL
KPLPPYLLPLPY,12,7.772443196612689,12,8.73106020620951,1.123335350976202,NEUTRAL
SVPLLKGPPLPYY,13,25.547697116879473,13,28.65044736422716,1.1214493123647409,NEUTRAL
KPLALQLINK,10,7.30629562642627,10,8.186758906803412,1.120507480862474,NEUTRAL
NTPLGLKGLLLLN,13,20.85191982687968,13,23.3556315912399,1.1200710431052372,NEUTRAL
SPLLLKGLLLLYN,13,23.6511978580962,13,26.481896877205475,1.1196852284646666,NEUTRAL
SPLKLPLLLGT,11,11.043735416486408,11,12.364970858212414,1.119636643934228,NEUTRAL
NTPLLKGLLQPYY,13,15.994309605710896,13,17.907217401141548,1.1195992726530462,NEUTRAL
KPLPLPLLQLT,11,7.005514276566021,11,7.841879371181688,1.1193866804915908,NEUTRAL
NPLKALLLLLGL,12,22.378654195660747,12,25.034315585337232,1.1186693965802208,NEUTRAL
SVLLLFKLLLGF,12,34.425887419677174,12,38.45398999124851,1.1170079516750222,NEUTRAL
NVLLLPGLLLLYL,13,42.82664369683921,13,47.80161708823693,1.1161653812195629,NEUTRAL
NTPLLKGGLLLLY,13,17.450076028703723,13,19.463903533565887,1.1154050848574877,NEUTRAL
SVPLLKKLLPLYY,13,11.365804317261938,13,12.671994216374298,1.1149227861620465,NEUTRAL
KPALLLGYNF,10,6.631108811606439,10,7.388985631736424,1.1142911150550676,NEUTRAL
NPPPLQSFLLK,11,13.811846509664377,11,15.386418763784292,1.1140015748812557,NEUTRAL
STPPLLLLPLT,11,12.79604834511327,11,14.249636065298182,1.1135966105301585,NEUTRAL
SPLPLPALLLGIY,13,12.170710164413402,13,13.537669607646189,1.112315503759979,NEUTRAL
SPALLPLYLK,10,7.998209245800445,10,8.890542060492406,1.111566575375668,NEUTRAL
STLLLPGPPLGK,12,17.900929659471156,12,19.89703615324002,1.111508537921814,NEUTRAL
KPPLLLLIGT,10,15.320843038739405,10,17.01470675833837,1.1105594330100477,NEUTRAL
NPEKPPGPLQLLL,13,20.322318257421202,13,22.556812581248536,1.1099527276132166,NEUTRAL
NPLKLPSLQLT,11,9.029912598518921,11,10.022496537657712,1.1099217659428502,NEUTRAL
KPPLLGLLLGG,11,13.22262274358467,11,14.66163632007233,1.1088296629491177,NEUTRAL
STPLLLGGLQPLK,13,25.434466515469044,13,28.178617403626376,1.107891033864947,NEUTRAL
SVPLLPGLLLPIK,13,12.82127596902267,13,14.201278489275474,1.1076337896155586,NEUTRAL
NPLLPFGLLLYF,12,21.76563865148628,12,24.105839382877647,1.107518128407023,NEUTRAL
LPALALLLLK,10,15.20215532967919,10,16.820437125427105,1.1064508131020436,NEUTRAL
NPLLLLALLLLYK,13,27.952064641515044,13,30.894943722130986,1.1052830665054025,NEUTRAL
KPLLLPLLQLYY,12,13.80064826293901,12,15.253524639968527,1.1052759514878114,NEUTRAL
KPPPLGSLPYY,11,14.394497808190788,11,15.890391929095212,1.1039212441335207,NEUTRAL
STAPLPLLQLK,11,8.848175730442414,11,9.767095335077972,1.1038541313633712,NEUTRAL
KTALPPLLLQYY,12,16.80552540557853,12,18.541112051668126,1.10327476256788,NEUTRAL
LPPLLQLIGK,10,12.070605517351535,10,13.315175246957752,1.1031074810470067,NEUTRAL
SVALLYLLLLPY,12,40.12243038882411,12,44.25728492661517,1.1030559339930417,NEUTRAL
LPPLLQLYNF,10,19.627863593371142,10,21.65019781194262,1.1030338431358608,NEUTRAL
SPPLLPGLLQYY,12,23.90979085939997,12,26.368171797053257,1.1028190063271421,NEUTRAL
NPLPLPLLGFT,11,13.558671945280198,11,14.950722071664439,1.1026686191687687,NEUTRAL
KTLPLGLPPFG,11,16.614543324282263,11,18.300764673121584,1.1014906829473248,NEUTRAL
KVLKALGLQLPY,12,17.007073907913174,12,18.7300430103837,1.1013089677742183,NEUTRAL
KPLALQLLFK,10,6.469456698451859,10,7.122953102682354,1.1010125632940517,NEUTRAL
NTPKAPSLLLT,11,13.081012443603711,11,14.395554877042148,1.1004924075338844,NEUTRAL
NVPTLKGLLLLYY,13,32.105321563176716,13,35.28592615313624,1.0990678315961029,NEUTRAL
SVLPLLGLLPGY,12,12.27085799337218,12,13.480943733819128,1.0986145990036351,NEUTRAL
KTLLLLAGLLLYK,13,42.40915601214229,13,46.55653991823353,1.0977945400494127,NEUTRAL
KTPLLPLPLLT,11,6.6568170248510325,11,7.305999499801791,1.0975214539512277,NEUTRAL
NVPLPKGGLQPYY,13,22.26610861013276,13,24.436200608259803,1.0974616640978516,NEUTRAL
NPLLLPLLLLYY,12,20.982180194410702,12,23.020600614564206,1.0971500769351177,NEUTRAL
KPPLLPSLLLY,11,7.528527018303336,11,8.254626258642752,1.0964463883272417,NEUTRAL
STLLLLGLLQLLL,13,39.50438303739414,13,43.306889749522924,1.0962553119366374,NEUTRAL
SPALLLGPKLPIN,13,25.374551619645214,13,27.81110496228777,1.0960235033574408,NEUTRAL
KTLTLPGLLLPLN,13,11.432443674912793,13,12.529518965496061,1.0959615740762998,NEUTRAL
NPALLLLLGFT,11,18.920037545958248,11,20.7233426427318,1.0953119195663954,NEUTRAL
KTLKAPGKLLPY,12,17.186383323213942,12,18.81334574047171,1.0946657820124495,NEUTRAL
NTLPLLLLPFY,11,19.40032987091391,11,21.234735615877664,1.094555389375827,NEUTRAL
NTLLLPKPLLPIK,13,13.16849160803218,13,14.411361817148919,1.094382124096783,NEUTRAL
LPPLLPQLLK,10,7.027256954029771,10,7.688513404477064,1.0940988005381098,NEUTRAL
NTLPPFPLLLYY,12,16.43425938928028,12,17.979683224251907,1.094036719170909,NEUTRAL
STLKLLSLQGY,11,15.224738075655313,11,16.648628851695594,1.093524812641415,NEUTRAL
SPPLLLGYGT,10,12.66742088620453,10,13.848902874154293,1.0932693401887716,NEUTRAL
NTPPLLLLLLY,11,35.775655452194584,11,39.077725178173424,1.0922993494945537,NEUTRAL
KPPLLQLLGF,10,11.043501079150817,10,12.055782153760084,1.0916630575171824,NEUTRAL
KPPLGPALLQLLY,13,23.875560850164906,13,26.044879290345825,1.0908593709607428,NEUTRAL
NPPLLKGPLLLLY,13,23.68152629369583,13,25.8232513444812,1.0904386408301525,NEUTRAL
KVPLLKALLLPIL,13,18.043905106205827,13,19.67373554046657,1.0903258149867012,NEUTRAL
NPLPLPLLPFG,11,7.884747527617724,11,8.596818744985086,1.090309957912185,NEUTRAL
STLPLLSFLFK,11,10.84560809156773,11,11.819392123581125,1.089786024332789,NEUTRAL
LPALLQLLGT,10,12.389118207399836,10,13.498327182792368,1.0895309058178182,NEUTRAL
KTLPLPLFPLK,11,13.714579487127892,11,14.94244752384578,1.0895301265248658,NEUTRAL
SVLLLLGINK,10,31.347899897659282,10,34.14860255635979,1.0893425928959801,NEUTRAL
NTALLLGLLQLYY,13,25.5407420896314,13,27.821862011765745,1.089312985273846,NEUTRAL
SVELLKGLLLLLL,13,16.259249661685843,13,17.69117958611676,1.0880686350370272,NEUTRAL
STPPLKGPLLPYY,13,25.477958635960103,13,27.714405799965146,1.087779684234532,NEUTRAL
KPPLLLLLNG,10,10.98765516253002,10,11.949771721231741,1.087563410433804,NEUTRAL
STLLLKGLLQKYL,13,13.999964238764573,13,15.22486512130006,1.087493143671314,NEUTRAL
KVALPLGLLFYY,12,35.51189992087041,12,38.6108275438646,1.0872644840152004,NEUTRAL
NPLPLGLLGYY,11,17.980069030538576,11,19.544029431401523,1.0869830031356726,NEUTRAL
STLLLFGKPPGF,12,24.059164988511267,12,26.150301040629973,1.0869164018417623,NEUTRAL
KPLLLGSLPFT,11,7.335059543249562,11,7.967585651889494,1.0862332616266277,NEUTRAL
NPPTLLGLLQPYY,13,22.132425550096237,13,24.03800789588085,1.0860991192073084,NEUTRAL
KVPTLKGGLPPLY,13,12.91758675041002,13,14.018077114833373,1.0851931855141923,NEUTRAL
SPALLQQLGF,10,10.368786067801867,10,11.251175610677704,1.0851005640492397,NEUTRAL
SPPTPLGGPLGLK,13,23.33254521724109,13,25.311072328827752,1.0847968832017807,NEUTRAL
SPPALQLINF,10,11.669919645336297,10,12.659287218581893,1.0847792961146037,NEUTRAL
KTPLAYLKLPGK,12,18.480050152511204,12,20.045557055082558,1.0847133470770707,NEUTRAL
SPPLLLGPLPPIK,13,21.704345689168562,13,23.529441755174602,1.0840889696535216,NEUTRAL
NPLLLLGGKLPYY,13,17.207798173776172,13,18.64888754424759,1.0837462966451783,NEUTRAL
STLLPLGGLLPIK,13,17.538048666227997,13,18.98254420267218,1.0823635265208134,NEUTRAL
LPALLQLYNF,10,16.639208299050132,10,18.005224303706655,1.082096213960763,NEUTRAL
SPLPALLLLLPL,12,14.458779989045432,12,15.645671717180116,1.082087958253319,NEUTRAL
NTPPPPGLLLFY,12,26.48428359216508,12,28.642975444667012,1.0815084102611159,NEUTRAL
NTLLPYGPLLPY,12,9.439705510098516,12,10.206726081094413,1.081254713950064,NEUTRAL
KPPLLPGGLPGIK,13,14.308764061823556,13,15.46591607031684,1.0808701578622446,NEUTRAL
NPLPLYKLLLGY,12,15.51425533404588,12,16.758887566997274,1.0802250708237386,NEUTRAL
SPPALQLLGF,10,10.638094662512929,10,11.488260231586374,1.0799170900470836,NEUTRAL
NTLLLLGPLQLLK,13,30.766095790694337,13,33.21569258016289,1.0796200078857412,NEUTRAL
NTLPAPGLLPGK,12,6.805702400002263,12,7.344292969500783,1.0791381312086672,NEUTRAL
KPELLLGLLLPIL,13,22.388857972232827,13,24.148487398568154,1.0785939786887593,NEUTRAL
SPPLLLGLLPGF,12,21.374744958975686,12,23.04460901718294,1.078123227267142,NEUTRAL
KTLPLLSLLFG,11,9.800694970984463,11,10.566165432912696,1.0781036920539262,NEUTRAL
SPALLQLYNK,10,13.402293435198048,10,14.446444128785963,1.0779083593891245,NEUTRAL
KPLLAFPLLFYY,12,27.372630015679118,12,29.49655653934421,1.0775930746314293,NEUTRAL
SPAALQLLGK,10,10.385746246098767,10,11.187539831150062,1.0772013455800034,NEUTRAL
NVLPPPPLQLYF,12,12.9730740956356,12,13.970571974164436,1.0768898621233047,NEUTRAL
KVLPLPSLGGT,11,9.128285223017675,11,9.829885950695136,1.0768600794712593,NEUTRAL
KTLPLPLLLFT,11,18.363690207207547,11,19.773701090510304,1.076782545740689,NEUTRAL
SPPLLKALKPLYY,13,22.061461315691272,13,23.75486409381534,1.0767584138644357,NEUTRAL
SPAPLLPLQLYY,12,16.285087707919633,12,17.531915629960476,1.0765625549216107,NEUTRAL
NPALLLGLPLGF,12,8.731630596109495,12,9.391730239026113,1.0755986680438285,NEUTRAL
NPPPLPALLQLYY,13,19.5820239032233,13,21.042988989810194,1.0746074610983605,NEUTRAL
KPLKLLSFPLY,11,10.033867680283512,11,10.768221165429008,1.0731874794989071,NEUTRAL
NPLPPLGLQLGY,12,11.294581325267309,12,12.114226116362762,1.0725697365392208,NEUTRAL
SPALPPGLLLPLY,13,15.290307100071642,13,16.399068290098644,1.0725139909074688,NEUTRAL
KPLPALGLQPPY,12,11.929918972774354,12,12.79292469119369,1.0723396127323939,NEUTRAL
STLLPKGPLQPLK,13,21.62113054611952,13,23.16815334536906,1.0715514295586728,NEUTRAL
KPPALLQLGK,10,8.430287962726098,10,9.032636426398746,1.071450520591454,NEUTRAL
KPALLLQINF,10,11.1057403140673,10,11.896823014650494,1.0712318745271898,NEUTRAL
KTPLLLGGLPKYL,13,18.175889073982457,13,19.470475670496032,1.0712254895066833,NEUTRAL
NTLLPPLLLLYY,12,25.70118166786585,12,27.520039955915724,1.0707694421040566,NEUTRAL
NPPLLPGGPPLYN,13,13.483296665786197,13,14.42915032161633,1.0701500292751276,NEUTRAL
NTLKLPLLPLY,11,10.8149942007074,11,11.572344694342114,1.070027822445358,NEUTRAL
SPLLPPGLLPGY,12,11.269920348264106,12,12.056871571188523,1.0698275762921101,NEUTRAL
KTLPLPLPLFY,11,12.926481172601157,11,13.82115237052776,1.0692122771835957,NEUTRAL
SPPLLLGGLPLIY,13,18.841760082233368,13,20.144693285239924,1.0691513530222234,NEUTRAL
STALLLGIGG,10,18.3326484471228,10,19.58676322573567,1.0684088162291518,NEUTRAL
KVPLLKGLPPPLL,13,10.375643498867074,13,11.08437713519975,1.0683074390913743,NEUTRAL
KTLLAYLLLLPK,12,31.557425865160106,12,33.709657097723216,1.068200468623748,NEUTRAL
SVPLLKKGLLLLY,13,13.692881857108446,13,14.625048093161515,1.0680767018791701,NEUTRAL
NTLTLPGLPPPIN,13,13.38279040642475,13,14.285022854687824,1.0674173637083888,NEUTRAL
LPPPLLQLGK,10,8.77621508390063,10,9.36672526499371,1.067285290463805,NEUTRAL
STAPLKGLLLLYK,13,22.914691159274323,13,24.455929728061992,1.0672598447028985,NEUTRAL
NTLALFPLLLGY,12,17.849106980303443,12,19.044794214199776,1.0669886305917589,NEUTRAL
KVAPLPGLLLPYY,13,19.150876229468007,13,20.42776116880072,1.0666750139279755,NEUTRAL
SPLLLPLLLQGK,12,8.553584062913815,12,9.123261407373262,1.0666010107890824,NEUTRAL
STLLALGLPLYK,12,19.653454534466242,12,20.960915168164068,1.0665257413858176,NEUTRAL
KTLPPPLFPGY,11,19.417993055125496,11,20.708204530850058,1.066444120773027,NEUTRAL
SPLPLGLLGFG,11,14.248514974666895,11,15.192068135829949,1.0662211579831753,NEUTRAL
NTLPALGLQLGY,12,12.371818099434398,12,13.180870637898792,1.065394797430895,NEUTRAL
KPLPPPGLLPYK,12,12.441481204032469,12,13.25361042814298,1.065275927423118,NEUTRAL
KVPLLLGLGG,10,10.420621885573635,10,11.094217710012263,1.064640655023781,NEUTRAL
SPPLLPGLLPGYY,13,17.711209097421232,13,18.85516515769414,1.0645893825757764,NEUTRAL
KPLLLPLLLQPK,12,11.718552807956527,12,12.474388064756969,1.0644990272422763,NEUTRAL
SPLPLPQFPFT,11,11.793821451037447,11,12.55075851425349,1.0641808141965265,NEUTRAL
STLLPYLLLPGY,12,16.329861945105836,12,17.37710129916455,1.064130325019225,NEUTRAL
NTLPLLGLLLGY,12,16.609956869535534,12,17.672019586685014,1.063941329016779,NEUTRAL
KVPALLQLGK,10,10.0122195792053,10,10.64847834593712,1.0635482234182403,NEUTRAL
NPALLLKLLQPK,12,13.824115090367833,12,14.698904824477461,1.0632799805550774,NEUTRAL
NVLLPLGLPLLLY,13,22.512353806814215,13,23.93633588940282,1.0632533627895269,NEUTRAL
SPLPLPLYGF,10,11.336521862646881,10,12.053175425153995,1.0632163525277045,NEUTRAL
STPPLLGLPLLIY,13,20.933571861155773,13,22.240487871784943,1.0624315821159158,NEUTRAL
SPPPLPGGLLLLN,13,21.180405928920454,13,22.501782583667417,1.0623867483551253,NEUTRAL
SPLPPKGPLQLYY,13,18.45732923700162,13,19.588668616496452,1.0612948582629615,NEUTRAL
NVPLLKGLLLKLY,13,13.253803183869593,13,14.054547443440901,1.060416187600088,NEUTRAL
SPPLLPGPLLGL,12,24.459702513010008,12,25.93010660412989,1.0601153710000266,NEUTRAL
KPLLPFGLQLYY,12,15.36629970530878,12,16.290027209903503,1.0601138544939086,NEUTRAL
KTLPLLKLPLPIK,13,12.160390210263467,13,12.889194591792865,1.0599326476311823,NEUTRAL
KTPPLQLLGG,10,11.546980883334395,10,12.237224657500503,1.059776991158124,NEUTRAL
SPALLLLYGF,10,17.342702719949862,10,18.378279933668324,1.0597125621329602,NEUTRAL
SPLPGLGLLPGLY,13,8.501560451330155,13,9.004280034216757,1.0591326246239825,NEUTRAL
SVPKPPGGPQLYK,13,31.200123654894043,13,33.043430155694026,1.059080102412057,NEUTRAL
SVAPLQLYGF,10,12.785948031974504,10,13.5353200954918,1.0586090340460717,NEUTRAL
SPPLLLQLGK,10,13.473344512349579,10,14.26023302819593,1.0584033544993297,NEUTRAL
SPPTLPGPLQLYY,13,30.016356757879187,13,31.759999075477598,1.0580897385936323,NEUTRAL
NVLLGPALLPGYY,13,24.543038440555673,13,25.967288373793096,1.0580307094692867,NEUTRAL
KPPPLLLLGYY,11,16.32116264264387,11,17.261207246401277,1.0575966690817271,NEUTRAL
NPLLLKKLLLKLY,13,18.85207705590862,13,19.92372380856818,1.0568450229373365,NEUTRAL
NTELLKALLPLLK,13,9.915721261756664,13,10.474010310907598,1.0563034230605257,NEUTRAL
SPLLLLKLKLPLK,13,23.65638056116128,13,24.98599237728878,1.0562052091058443,NEUTRAL
KTALGPGGLQLLY,13,17.75556469609523,13,18.753054924888964,1.0561790202602286,NEUTRAL
NVPLLPGLLLLYY,13,35.14380930680468,13,37.09206561417181,1.0554366856011224,NEUTRAL
KTAPLLLLGT,10,15.071122198859845,10,15.880628010358596,1.0537123779382527,NEUTRAL
NPALLKAPPQGIY,13,21.968605057607018,13,23.14342029905175,1.05347700677235,NEUTRAL
KPPPPLLILK,10,11.874408046402591,10,12.50759666714501,1.0533238051335323,NEUTRAL
NTALLPKLPLPYY,13,14.804307055113506,13,15.593126762063836,1.0532831225408734,NEUTRAL
KTLPPPQPPLT,11,13.160328005963585,11,13.859492606274939,1.0531266849879828,NEUTRAL
KPLPPPSLPFK,11,9.211694022683947,11,9.70084256161442,1.0531008235538368,NEUTRAL
NPPLLKGLLQPLY,13,18.974530718350774,13,19.976011093263427,1.052780244727955,NEUTRAL
KPPKPLLLLLK,11,10.589223327958955,11,11.147271966966272,1.0526996760502623,NEUTRAL
SPLLLPGLQLGL,12,14.253203758729432,12,15.002397046800398,1.0525631500645685,NEUTRAL
KPPPLQQIGF,10,15.102343778317312,10,15.892695543371792,1.0523330535085025,NEUTRAL
SPPLLQGLNT,10,16.38498717621402,10,17.24238547947016,1.0523282865000236,NEUTRAL
NPLPLPSFGYY,11,14.122775290160417,11,14.854289505436634,1.0517967750847013,NEUTRAL
SPPPLPGYFF,10,20.950872656710942,10,22.02163281500229,1.0511081412137917,NEUTRAL
KVALLQGLFG,10,8.155370616030027,10,8.571814710152859,1.0510637852931268,NEUTRAL
KPEKLPGPLLPLY,13,17.138962323493438,13,18.01223148381373,1.0509522772637903,NEUTRAL
KPPLLKGPLLLYN,13,24.48085137308238,13,25.71983483968756,1.0506103095731176,NEUTRAL
KPAPLLGLLK,10,6.834313746736797,10,7.179847839840429,1.0505587109266992,NEUTRAL
KPLPLPLLLGY,11,7.96097012221805,11,8.359577108661128,1.0500701522959641,NEUTRAL
SPLPLPLPPGY,11,7.848412777833774,11,8.23848039170672,1.04970019097041,NEUTRAL
NPLPLPSPPGY,11,12.528273335782403,11,13.147344474580692,1.049413923388001,NEUTRAL
KTLALPGPLLGY,12,10.778914324255796,12,11.309018771008747,1.04917976252581,NEUTRAL
NTPPALGLLPFY,12,15.331326431309506,12,16.078051667872273,1.0487058468103458,NEUTRAL
KTLPPPKLLLYY,12,16.622221934359793,12,17.430121579757987,1.0486035891343854,NEUTRAL
SPLPLPSLPLY,11,5.714991302337116,11,5.991446767306635,1.0483737332822298,NEUTRAL
SVLPLPGGLLPIL,13,14.435244162438524,13,15.13284709108563,1.0483263684906914,NEUTRAL
KPPPALKLLLGY,12,15.27740385580682,12,16.00868854580639,1.047867078523398,NEUTRAL
KVLKLPLLLLPK,12,15.059057352379542,12,15.77745646515828,1.047705450345816,NEUTRAL
STPLLQLLLF,10,15.696193130196265,10,16.439083441701666,1.047329330452505,NEUTRAL
NPLPALSLPGK,11,4.943088773685212,11,5.176274793251374,1.0471741516777,NEUTRAL
KPLKLPSFLLK,11,9.213027236226008,11,9.647249508090148,1.047131334872946,NEUTRAL
SPPLLPGPLQLLL,13,23.315011945831948,13,24.41200538072193,1.0470509488667061,NEUTRAL
NPPPPYLLLPGL,12,13.296781718268118,12,13.920665359671789,1.0469198979589573,NEUTRAL
KPLALLLIFK,10,21.92540494269461,10,22.953316343382433,1.0468822082590687,NEUTRAL
KPLLLLQYNF,10,10.70440711581839,10,11.20360593928907,1.0466348876747216,NEUTRAL
KTLLLPLPLLGK,12,9.771357707154493,12,10.225771153842205,1.046504637360169,NEUTRAL
KPLALFPPLPYY,12,11.439674535560158,12,11.971415569888611,1.0464821820477095,NEUTRAL
KPLAPPQYNK,10,16.80815804617666,10,17.586104273518213,1.0462838477127785,NEUTRAL
NTLLPPSLLLT,11,9.504550983442996,11,9.943784848556074,1.0462130053148462,NEUTRAL
SPLALLGING,10,16.374025340269164,10,17.12122901928785,1.0456334751834702,NEUTRAL
KPLTLLGLLLPLN,13,17.442410054704574,13,18.237002505339163,1.045555198401053,NEUTRAL
KPPALQQIGK,10,14.415818915765598,10,15.062393165355493,1.0448517183358055,NEUTRAL
STPLLKALLQKLY,13,22.763710159675735,13,23.782773711154626,1.0447670236675253,NEUTRAL
NPLPPGLPGFG,11,10.473643229137885,11,10.94237357493735,1.0447533237045394,NEUTRAL
SPLKAPGPLLGK,12,13.761460230016302,12,14.37319452734584,1.0444527170158318,NEUTRAL
KTPPLQQYGK,10,27.9623095346066,10,29.204467645895587,1.0444225864015872,NEUTRAL
NPPPLPLLPLT,11,6.133613918408473,11,6.405963491095516,1.04440279031415,NEUTRAL
NPLLPFGPLLYY,12,23.441693727389787,12,24.46997420044929,1.0438654512347816,NEUTRAL
KTLPLLSPLGY,11,14.082377088921776,11,14.699900133902457,1.0438507675999154,NEUTRAL
KPLKLPSLLGK,11,5.97493357097347,11,6.235883312258712,1.0436740824287902,NEUTRAL
SVLPLLGLLPFF,12,17.70144050779254,12,18.469901545427486,1.0434123447352577,NEUTRAL
SPLPLPLLPGY,11,9.448971278477535,11,9.85782881972196,1.0432700586333354,NEUTRAL
NTLLPYKLLLPY,12,11.132239435299434,12,11.612364953038579,1.043129284141761,NEUTRAL
KVPLLPKPLLPIY,13,10.898686867389392,13,11.358750138797184,1.0422127249828945,NEUTRAL
SPPALLQINT,10,14.590460819151238,10,15.198154434442957,1.041650063203903,NEUTRAL
SPLPLPSLQGT,11,7.358637273458195,11,7.662460023647317,1.0412879095542564,NEUTRAL
NPLLPFPPQPGY,12,18.88762303472197,12,19.661140664907133,1.0409536779065938,NEUTRAL
KVALAPQLNK,10,14.38421260114168,10,14.97196035353935,1.0408606135556575,NEUTRAL
SPPLLLGYNG,10,15.051354412602404,10,15.660390619381479,1.0404638805308533,NEUTRAL
KVPLLYKLLLYL,12,35.125497722607484,12,36.54209799959392,1.0403296855228525,NEUTRAL
NTPPLQSPQLT,11,24.02568917191222,11,24.99214088646551,1.0402257644989075,NEUTRAL
KPPLPKGLLLPLY,13,12.108875358966095,13,12.593850114166248,1.0400511807102755,NEUTRAL
NVLLLLALLLLIK,13,39.00776239441375,13,40.56958570514433,1.0400387824079405,NEUTRAL
KPLLPYKKLLYL,12,15.575600270193515,12,16.192482487099515,1.0396056785102854,NEUTRAL
NTLPLPSFPYT,11,15.30169256695134,11,15.90368018983626,1.0393412441304104,NEUTRAL
NPLLPPLLLLPK,12,8.451866078792682,12,8.78337195960365,1.0392228033100026,NEUTRAL
NVPLLPGGPLPLK,13,12.310919130755927,13,12.788393088593695,1.0387845905546493,NEUTRAL
KTLKLPSPLGK,11,8.880606362290917,11,9.223598735240373,1.0386226299147634,NEUTRAL
KPLLLPLPPGY,11,8.264190644621152,11,8.580271539102117,1.0382470477840067,NEUTRAL
NPLPLPSLLGT,11,6.125165064978855,11,6.35227147093598,1.0370775976725304,NEUTRAL
KPLKLLKLPLPY,12,9.492179547774452,12,9.843089432700546,1.0369683151440565,NEUTRAL
KVPKPKKLPLLIY,13,24.258022950969696,13,25.15239036020011,1.0368689324368316,NEUTRAL
NPLLLLKKQPGK,12,18.510277890210947,12,19.18987234825964,1.036714438436826,NEUTRAL
KVLPLPLLPGY,11,10.293154602292574,11,10.664957709224357,1.0361213953639608,NEUTRAL
KTLAPFGLLLYY,12,24.557976054177008,12,25.438554013151915,1.03585710634428,NEUTRAL
KPLPLPSLGYG,11,8.370432476964805,11,8.670239147529553,1.0358173453271151,NEUTRAL
KPLPLLKGLQLYL,13,12.476250006500297,13,12.92230277366705,1.0357521504405853,NEUTRAL
NVLKLLGPLLKLY,13,23.976780346395433,13,24.830159445761478,1.0355918971203462,NEUTRAL
SPEPLLALPLPIY,13,28.53419822992557,13,29.544578520545326,1.0354094508798957,NEUTRAL
KTLPLLLPQLT,11,12.975944737508355,11,13.435137135212553,1.0353879742086796,NEUTRAL
SPPPLQLYFG,10,10.168705915308564,10,10.520471048579687,1.034592910464797,NEUTRAL
NPAPLLSFPGT,11,9.842493369798298,11,10.181354641065798,1.0344283972095218,NEUTRAL
NPEKPLGPLQLLL,13,19.918812721703272,13,20.59359423984343,1.0338765933275191,NEUTRAL
KPAPALSLQLT,11,5.449913163135204,11,5.634498025507774,1.0338693217391346,NEUTRAL
SPLPLPGINK,10,13.391107969591765,10,13.835936035779785,1.0332181673987042,NEUTRAL
NPPPLPLFLYT,11,16.760569811720664,11,17.31403903469155,1.0330221006319156,NEUTRAL
KPLPLPSPLLY,11,8.402255848261985,11,8.6774213190362,1.0327489992858445,NEUTRAL
STPPPFPLQLYY,12,21.238669741285374,12,21.92500243474955,1.0323152392228234,NEUTRAL
NPAPNQLIGF,10,10.946757346292028,10,11.298098719321226,1.0320954746611066,NEUTRAL
NTLAPLPLLLYF,12,18.708999582530588,12,19.301234872972003,1.0316551020180904,NEUTRAL
NTEPPKGLLQPIY,13,24.81532251220073,13,25.59550777818987,1.0314396585257175,NEUTRAL
NVPLLKGGLLGYK,13,16.20351980949928,13,16.704308423288364,1.0309061623447702,NEUTRAL
SPPLLPSLPFT,11,10.24014602559583,11,10.553909226412102,1.0306405006366124,NEUTRAL
KTLLPPGLQQYK,12,25.85217343668224,12,26.62343084814022,1.0298333682986833,NEUTRAL
NTPLPLLYNK,10,13.213433193184098,10,13.607095866848606,1.0297926108914353,NEUTRAL
KTLLLPQLLGY,11,12.63658350426691,11,13.012191633104202,1.0297238671125357,NEUTRAL
KPLLPLGLPLLLL,13,13.032782681543567,13,13.419729041673518,1.02969023343556,NEUTRAL
KPPAALLIGT,10,10.893049690485215,10,11.209561510114279,1.0290563091716665,NEUTRAL
KPPPPPLPQLK,11,11.698389685084807,11,12.034809240911196,1.0287577662295961,NEUTRAL
KPLKLPSFPLT,11,9.07540561645389,11,9.336120219340547,1.0287275978512713,NEUTRAL
NPPPLLKLLLPLK,13,15.725334963797245,13,16.175909745532497,1.028652793900579,NEUTRAL
NPLLLLKKLLFY,12,16.78749269431413,12,17.268340695208458,1.028643229197484,NEUTRAL
STLPPPSLLFT,11,10.531284762584667,11,10.824858863877614,1.0278763805092377,NEUTRAL
STPKALLLLLY,11,31.090751354369164,11,31.950074386872732,1.0276391851296578,NEUTRAL
SPPLLGLLGFG,11,19.32608201962665,11,19.85627633696167,1.0274341336643702,NEUTRAL
NPALLPLFLGT,11,11.52711571804312,11,11.841361627699774,1.0272614518100804,NEUTRAL
KPLLLPLLGG,10,8.331710594087069,10,8.558259492311945,1.0271911626870065,NEUTRAL
KPLKLLSLQLY,11,11.308808463109722,11,11.604626517085132,1.0261581982699939,NEUTRAL
KPAPLLQLFF,10,9.665232199738492,10,9.914454189314213,1.0257854115064575,NEUTRAL
STELLLGGLPLIK,13,14.185739180236597,13,14.550067246901062,1.0256826988030374,NEUTRAL
SVAALLGIFG,10,20.13625641137694,10,20.651287617345563,1.0255773066972682,NEUTRAL
SPPPLQGLNK,10,16.625590865269782,10,17.0504384438225,1.025553833364215,NEUTRAL
KTLLLPSLPYT,11,8.495400816740847,11,8.70907244076049,1.0251514470745848,NEUTRAL
KTLPPLAGLLPIY,13,13.706969480276069,13,14.037759590391083,1.024132986550456,NEUTRAL
SVELLKGLLQPIL,13,18.426094045613304,13,18.86586279943687,1.02386662918006,NEUTRAL
NPLPLPGLLFYK,12,11.751671158068298,12,12.027213673856211,1.0234470920843233,NEUTRAL
SPALGLGLLPLYN,13,12.254102826294394,13,12.539927948557846,1.0233248509756372,NEUTRAL
NVPLLPGGLLKIK,13,16.83870997126993,13,17.223202342896666,1.02283383776327,NEUTRAL
KTLALPLPLGT,11,7.295575658565967,11,7.459908736783461,1.0225250324180446,NEUTRAL
NPELPPKLLLLLY,13,34.09266635574682,13,34.8522070965378,1.0222787133416142,NEUTRAL
SPPLAPGLPPYF,12,23.246645475218724,12,23.745000149484834,1.0214377026912276,NEUTRAL
SVPPLLSLPFY,11,6.5233125334031765,11,6.662829325995886,1.0213874150407942,NEUTRAL
STPPPPGGLLGYN,13,22.67799590740005,13,23.151455641589234,1.0208774944718413,NEUTRAL
SVLLPPGKPPYK,12,26.460034985274454,12,27.009491857213725,1.020765538376841,NEUTRAL
NPPTLKGPKPLIN,13,14.533415145543318,13,14.835082004418009,1.020756777113547,NEUTRAL
KTPKLKKPLLLYL,13,22.65248990325172,13,23.12198246244485,1.0207258699241595,NEUTRAL
SVELLPGPLPLIL,13,11.670492818497634,13,11.907291184294268,1.0202903484436674,NEUTRAL
SPPPLQLIGK,10,8.807059010916728,10,8.985504510732458,1.02026164461877,NEUTRAL
KPLPLLKPPFY,11,12.172962110103454,11,12.411563734225357,1.019600950201255,NEUTRAL
KTPPPQLYGF,10,23.422866579937036,10,23.880764249938593,1.019549172960485,NEUTRAL
NPPPPPGLPLGIK,13,10.570794162036197,13,10.776262520477204,1.0194373625378992,NEUTRAL
KVLPLPSLGYT,11,15.371788775253927,11,15.662022343554598,1.0188809235245218,NEUTRAL
SPPLLLKGLPKYL,13,18.725497591150237,13,19.07402196898843,1.0186122892671705,NEUTRAL
SPLLLQGLNK,10,10.60193255128253,10,10.796380606607723,1.018340812336301,NEUTRAL
KTLPLQQYGT,10,17.49917972472437,10,17.808223909093776,1.0176604954764115,NEUTRAL
KVPLLLKLKLPLN,13,17.493556597722055,13,17.80177144494886,1.0176187641149506,NEUTRAL
KPLPLLLLLGT,11,15.767949907586852,11,16.04303809607705,1.017446033891688,NEUTRAL
SPLALQGLGF,10,7.937469142878069,10,8.072007976911294,1.0169498402590882,NEUTRAL
SVLLLKGPPLLIN,13,31.58685040831278,13,32.11757110768127,1.0168019505746233,NEUTRAL
SVLPPGSLPYT,11,13.73310893037947,11,13.963708791202617,1.0167915263755776,NEUTRAL
KPLLGLGPLLPYY,13,14.987510433372904,13,15.236111044211041,1.0165871851728339,NEUTRAL
NPALALPLQPYY,12,17.27320778519927,12,17.551471902361087,1.0161095796809816,NEUTRAL
KVLKLPGLQLGL,12,10.694366645773217,12,10.865319392690456,1.0159853082075512,NEUTRAL
KTPPLPGPLLLYY,13,39.99793201158226,13,40.600888451783625,1.015074690362161,NEUTRAL
NPLPAYGLLLYY,12,17.576538783096463,12,17.839951366895555,1.0149866015743907,NEUTRAL
STALLKGLKQPYN,13,21.25921801572016,13,21.569890002415796,1.0146135190140066,NEUTRAL
NPPLLKGLLLPYK,13,16.54614753565332,13,16.781750160746327,1.014239122707285,NEUTRAL
NVLPLPLLQGY,11,11.922941066920652,11,12.091513966232744,1.0141385333002932,NEUTRAL
NPPLLYLPLLGL,12,16.08408642414682,12,16.309360803313893,1.0140060413272134,NEUTRAL
KPLLLPLYNF,10,8.629702382862412,10,8.74963991139517,1.0138982230454365,NEUTRAL
KTLPGPAGKPPIY,13,22.37162312864366,13,22.67952069192642,1.0137628620646904,NEUTRAL
KPAPLLLLNF,10,11.719301602629006,10,11.88046526983253,1.0137519856274857,NEUTRAL
STLLAQGINT,10,12.904171984284112,10,13.079197453305492,1.013563479255743,NEUTRAL
SPLPLPSLLGY,11,6.693139936327472,11,6.780416555523589,1.0130397123063895,NEUTRAL
SPPTLPAGLLPIK,13,18.091375504543304,13,18.326910427130827,1.013019182677866,NEUTRAL
NTLPPLKLLLYF,12,17.616579153639673,12,17.838828511007584,1.0126159202322769,NEUTRAL
NPLPLPGLLLYY,12,16.306693541566688,12,16.509787868713452,1.0124546602061948,NEUTRAL
KPPPAPLLLGY,11,11.20650985323166,11,11.345030883827102,1.0123607646278467,NEUTRAL
LPPLLPQLGK,10,8.613003581409322,10,8.719421156113919,1.0123554545982418,NEUTRAL
KTPKAYGLLLGK,12,12.90747974708091,12,13.066574337822372,1.0123257672186114,NEUTRAL
NPALAPLLPGY,11,7.830098218448804,11,7.9263002568609435,1.0122861854000087,NEUTRAL
KVPPLFKLPLFY,12,17.251830814482467,12,17.461820691087123,1.012172034311186,NEUTRAL
SPLLLPKLQPPY,12,21.20437574403406,12,21.4607364056102,1.0120899886264403,NEUTRAL
NPLPALLLPYY,11,8.853362571918609,11,8.951346180363599,1.0110673891020545,NEUTRAL
LPPPPLGLGF,10,9.271623631405411,10,9.373306587135199,1.010967114258754,NEUTRAL
SPLPLPGPKQPLK,13,25.887101695406795,13,26.16359059959938,1.010680566231238,NEUTRAL
NTLLLKGLPQLIY,13,19.261663431310875,13,19.46514724236768,1.010564186825424,NEUTRAL
KTLPPLSLLFK,11,11.336132660737453,11,11.444595879267233,1.0095679207165105,NEUTRAL
NVLKPPKLLLYK,12,19.472026201361025,12,19.641387751688058,1.0086976850059495,NEUTRAL
KPLLPPPLLPGY,12,9.381878614228972,12,9.46106533897245,1.008440391098578,NEUTRAL
KPLPPPSLPFG,11,8.629564532710955,11,8.698912294573363,1.00803606735885,NEUTRAL
KTLLPPLLQLPY,12,9.837571364269943,12,9.915437574753978,1.0079151863402838,NEUTRAL
KTLLLPSLQLT,11,8.262015679278123,11,8.326575257467752,1.0078140227150076,NEUTRAL
LPALLLLINK,10,16.689467821647984,10,16.81629098143202,1.0075989936371448,NEUTRAL
SPAPLLQYLT,10,11.894715738538963,10,11.98409210557197,1.0075139556923942,NEUTRAL
NPAKLPLPPLK,11,5.486319517750657,11,5.526213250791463,1.0072714928308006,NEUTRAL
KPLPLPQLPGT,11,7.62511504755433,11,7.679468790717825,1.0071282522066245,NEUTRAL
KPLPLQLFQFT,11,17.069221604769734,11,17.187616730951184,1.0069361760555249,NEUTRAL
KTAPPLLLPYT,11,20.65439467461622,11,20.795183024189193,1.0068163871074856,NEUTRAL
NTLTLLGLKLPLY,13,23.27164419129051,13,23.430144244194665,1.0068108661167772,NEUTRAL
NTAPLPLFLFK,11,12.47317468041573,11,12.556639828154493,1.0066915721039178,NEUTRAL
KPELLLAGKQLLL,13,12.849297942625661,13,12.934656991059374,1.0066430904485877,NEUTRAL
KVPPPPLLLYY,11,23.744218909947882,11,23.899611865224063,1.006544454288664,NEUTRAL
NTLPLGLLPFT,11,13.087267045007849,11,13.167355117149711,1.0061195413730335,NEUTRAL
LPALLPQLGK,10,8.059946428776199,10,8.106543967819436,1.0057813708136907,NEUTRAL
SVAALLGINK,10,14.825174754449064,10,14.910351341830063,1.005745401912071,NEUTRAL
SVAPLPSLQLY,11,8.543395508297946,11,8.591595796515232,1.0056418186622018,NEUTRAL
LPPALPLLLK,10,5.891975143961871,10,5.924443206521441,1.0055105566072937,NEUTRAL
NTAPAPSFLGG,11,9.98768405376,11,10.042555344676902,1.0054938953436603,NEUTRAL
KPPPLPLLQLK,11,9.03344404312986,11,9.08218066690677,1.005395132082982,NEUTRAL
KPPPLLQLQLY,11,16.785791739176872,11,16.876184310853922,1.0053850645284774,NEUTRAL
KTLPLLLLGGG,11,14.020627422524829,11,14.084593213499446,1.004562263089015,NEUTRAL
KPALLPLLLGK,11,7.32793658500398,11,7.3598637263065125,1.0043569074230076,NEUTRAL
SPALPPLLLLGK,12,10.511014085448393,12,10.556642225587746,1.0043409836356818,NEUTRAL
SPELLLGPKLPIK,13,31.26593610338055,13,31.398838646449832,1.0042507137042,NEUTRAL
KPPPLPQLGK,10,12.201716786739508,10,12.243826007243094,1.00345108981298,NEUTRAL
SPLALPSPLFG,11,11.097283766984788,11,11.132165119831653,1.0031432333874926,NEUTRAL
NPAPLLLIGK,10,9.840902481017013,10,9.866676927792964,1.002619114133655,NEUTRAL
KTLPPPSPLLY,11,15.036358275420648,11,15.074737427350504,1.0025524233479188,NEUTRAL
NVPLLKAGPLGLN,13,15.281502124437525,13,15.29780042431628,1.0010665378145445,NEUTRAL
KPPPLKGLLQKIL,13,31.18313831396311,13,31.211179505343367,1.000899242119184,NEUTRAL
KPAALLLYGF,10,11.226258773852585,10,11.235518095543947,1.0008247914000457,NEUTRAL
KPPLLPALKLPLY,13,12.10819693747016,13,12.115921641616858,1.0006379731174335,NEUTRAL
KPLLLPLPQLYY,12,14.644056975445034,12,14.651596881384176,1.0005148782165887,NEUTRAL
STELPKGPPLKLY,13,24.94050947695277,13,24.9429475712556,1.0000977563952766,NEUTRAL
STPPLPGLLLPLY,13,24.067036276279932,13,24.067581395169572,1.0000226500215226,NEUTRAL
SPPLPPQINK,10,27.38849313928013,10,27.38262336523072,0.9997856846662005,NEUTRAL
SVLTPPKGPLPLK,13,12.686897681008773,13,12.683749263138576,0.9997518370566739,NEUTRAL
SPPLLLLLNK,10,17.598309712202607,10,17.580889136575177,0.9990100994974903,NEUTRAL
KTPAPQLLFK,10,12.3582541027865,10,12.338864093500042,0.9984310073959326,NEUTRAL
SPALLPLLGT,10,13.201473663142256,10,13.172803002387136,0.9978282227055327,NEUTRAL
KTLLLPGLLPKIY,13,18.037444655703997,13,17.99365039755631,0.9975720364506377,NEUTRAL
STLPLLKLLLYY,12,19.93276546336757,12,19.86541999873123,0.9966213687327979,NEUTRAL
SPPPPQLLGF,10,13.313695972449338,10,13.254921854411593,0.9955854393731561,NEUTRAL
KPLLALGILF,10,15.069117306794396,10,15.000973527966307,0.9954779183517694,NEUTRAL
KTLPLPSLGFY,11,11.540411306633466,11,11.484908166747964,0.9951905405786015,NEUTRAL
KPLPLPQLGF,10,7.098083375493041,10,7.062091397288751,0.9949293384847301,NEUTRAL
NPPTLPGLKQLLK,13,13.509212479453458,13,13.435419018564529,0.9945375453231516,NEUTRAL
SPLPLQGINF,10,11.058252954844624,10,10.9959914653554,0.994369681201591,NEUTRAL
SPAKAPSLPLY,11,13.842851931524605,11,13.761073078902525,0.9940923407238185,NEUTRAL
NVLLGKGLLLPIY,13,13.753686485435491,13,13.667034032425628,0.9936996925804856,NEUTRAL
SPPKPLGLKLPLK,13,13.765841045867164,13,13.676692304425785,0.9935239161091328,NEUTRAL
KVLPLPSPQGK,11,15.489920968337282,11,15.384217876348307,0.9931760083085613,NEUTRAL
SPPLLQLLNF,10,17.081113103770754,10,16.960228534662207,0.9929229103294293,NEUTRAL
SVLKAPSFPGT,11,16.780749920299073,11,16.64553702106764,0.9919423804136506,NEUTRAL
NTALPLGLLLGL,12,15.391382920569043,12,15.265850837413346,0.9918440023353629,NEUTRAL
SPALLQGYGK,10,11.086137327427243,10,10.992232663764717,0.991529541725033,NEUTRAL
SPPLLPLYFF,10,19.68229771902652,10,19.514374579566038,0.9914683162577024,NEUTRAL
STPLLQLIGK,10,11.701968664997692,10,11.594134181278267,0.9907849280060053,NEUTRAL
KVLLLKAGLLLLL,13,26.083425830812484,13,25.836239180272454,0.9905232291132545,NEUTRAL
STALPPLLQGK,11,9.355146578906277,11,9.264205860032494,0.990279070658408,NEUTRAL
SPLPLPLINK,10,8.362441653139266,10,8.276549946990913,0.9897288722945997,NEUTRAL
KPELLPGLKQKLL,13,10.376343592654349,13,10.269149838223525,0.9896694097035579,NEUTRAL
NTPKLLKGPLPLK,13,16.070628267955513,13,15.899180039770767,0.9893315789945432,NEUTRAL
SPLPLQSLLFT,11,10.372705104561836,11,10.262032486237606,0.9893303996200994,NEUTRAL
SPAPLLQYNK,10,18.21246564349691,10,18.01661665162281,0.9892464317732822,NEUTRAL
KPPLPLSLPFK,11,6.048338386468908,11,5.982824291226284,0.9891682490203939,NEUTRAL
SPLPPLLLLFT,11,20.477875206160117,11,20.248862159001725,0.9888165620283934,NEUTRAL
SVALPLLYFK,10,16.960883615954323,10,16.770754792645317,0.9887901581300775,NEUTRAL
NPPLLLSLPFG,11,8.239660964566744,11,8.143322350492273,0.9883079395513046,NEUTRAL
KVAPLPLYNF,10,12.01654839628035,10,11.872505713379944,0.9880129735968947,NEUTRAL
KVPPLPSLPGT,11,9.493136892407481,11,9.378072328839671,0.9878791842072943,NEUTRAL
KTPPLQGYGK,10,21.41044769762791,10,21.148726984473825,0.987776028000429,NEUTRAL
KPLPPLSFQLT,11,7.887695715292825,11,7.790520743260145,0.9876801824588295,NEUTRAL
KPALPPGLLLGL,12,9.638536128875064,12,9.517959654675956,0.9874901673255251,NEUTRAL
NPLKLQLLQGY,11,15.519286635628808,11,15.324346449149196,0.9874388436107577,NEUTRAL
NVLTLKGLLPLYK,13,17.05294275476188,13,16.836710788626192,0.9873199617658186,NEUTRAL
KTALALKLLPYK,12,21.007292961833816,12,20.734600910264653,0.9870191722434399,NEUTRAL
STLLAPLLLLYY,12,25.348140003202452,12,25.016672519205752,0.9869234001408063,NEUTRAL
STLPPLLLLLGK,12,16.432269047566194,12,16.20641748369089,0.9862556069875963,NEUTRAL
NPLALLKFLYG,11,17.786227218920864,11,17.541444288980983,0.986237501245937,NEUTRAL
KPLLLPSLPYY,11,5.812203837532014,11,5.729979325732713,0.9858531266112279,NEUTRAL
KPLPAPGLLLGY,12,8.933554260066277,12,8.802625420417192,0.9853441490544981,NEUTRAL
STLAPLGLLLFK,12,22.354529465638336,12,22.021349297041503,0.9850956304354797,NEUTRAL
KTLLLPKPPFG,11,15.319210335930366,11,15.088656600829001,0.9849500248351174,NEUTRAL
KTLLPYKLLLPY,12,11.598671214498676,12,11.4189920537863,0.9845086426376348,NEUTRAL
KTPPAPQPPLT,11,18.63526034980092,11,18.34415174518391,0.984378613491165,NEUTRAL
SPPAPLQYNF,10,12.91546802682121,10,12.713058820803797,0.984328155542093,NEUTRAL
STLLPPKPLLGY,12,11.708258940065011,12,11.524222143967279,0.984281454908042,NEUTRAL
NPPPLQSLPFK,11,8.32518969601218,11,8.190011377169697,0.9837627340903434,NEUTRAL
SPPPALPLPFYY,12,15.600024604332958,12,15.340979389785375,0.9833945637191089,NEUTRAL
KPAALQGIGK,10,11.86218690738326,10,11.66359435161303,0.9832583521638306,NEUTRAL
NTLKLPQLPLT,11,11.339568369711953,11,11.148845446319076,0.9831807598689294,NEUTRAL
KPLLAPSFPLK,11,11.40416678420441,11,11.211467212877002,0.9831027049170913,NEUTRAL
KTLPLQLIGK,10,8.759972086808691,10,8.60925470637108,0.9827947647613432,NEUTRAL
SPLPLLKLQFYY,12,23.531584817782658,12,23.11769397165322,0.9824112634429678,NEUTRAL
KPLPAPLLPGK,11,5.349779573727634,11,5.254195920777254,0.9821331605100545,NEUTRAL
STAAPPQLNK,10,23.65014904874389,10,23.21933180082147,0.9817837406844884,NEUTRAL
NPAPLPLLGYT,11,12.832594291165337,11,12.595853012853409,0.9815515652610545,NEUTRAL
NTLLLKALKPLIK,13,17.351437664167427,13,17.03032380331323,0.9814935299847037,NEUTRAL
KPLPLQLIGK,10,4.6923934527283375,10,4.602215855380863,0.980782174756671,NEUTRAL
SPLPPLGYGK,10,10.113736105024275,10,9.906777209105663,0.9795368503024515,NEUTRAL
KVLLLPGLLLGK,12,12.71191617406591,12,12.44656051240246,0.9791254396245301,NEUTRAL
NVPLPKKLKLPLK,13,13.957923827023087,13,13.662593452780646,0.9788413822927827,NEUTRAL
KVLKLPLLQFK,11,17.141602242376976,11,16.776513562867674,0.9787016012653275,NEUTRAL
NPPPPPKLLLYY,12,14.927880208140516,12,14.605158500813406,0.9783812769912822,NEUTRAL
KPPLLPGPLLPK,12,15.216837919937628,12,14.88083932821757,0.9779192895733074,NEUTRAL
KVPPLLSLPGK,11,8.861121071152713,11,8.66511414050791,0.9778801204643393,NEUTRAL
SPLLLPLKLLPK,12,12.162631547057986,12,11.893553067664037,0.97787662329876,NEUTRAL
KPPALPLLLFG,11,14.202406021630921,11,13.882321387733604,0.9774626472859731,NEUTRAL
SPLPPLLLFK,10,9.96435842078212,10,9.720612199786546,0.9755381921542279,NEUTRAL
SPLPAPGPLFGY,12,14.551562465463546,12,14.194934826194789,0.9754921411281317,NEUTRAL
KPAPLPGINT,10,12.705407774740445,10,12.392299854117098,0.975356326520599,NEUTRAL
SPLAPPGKLFGF,12,17.73849171967386,12,17.300541647798052,0.9753107491439041,NEUTRAL
STPPLQQLNF,10,12.695088436141702,10,12.379144301570305,0.97511288431265,NEUTRAL
SVPLAFPLLFYY,12,28.147441567885927,12,27.423548605439233,0.9742821044427498,NEUTRAL
KPLPAPGLQFFF,12,17.04505704613961,12,16.60617142402286,0.9742514430471707,NEUTRAL
SPLPLLLLGYG,11,18.17939085474174,11,17.70964677424866,0.9741606259392044,NEUTRAL
SPPLPQGLFF,10,15.612362798135266,10,15.204768801693229,0.9738928692785234,NEUTRAL
SPLPNPLYGF,10,11.131894403394401,10,10.840975337609752,0.9738661673168638,NEUTRAL
SVLPGKGGPLGIY,13,21.283068975826847,13,20.725235066987622,0.9737897805305801,NEUTRAL
LPPPLLLIGT,10,15.732801416915317,10,15.318417789026086,0.9736611670796467,NEUTRAL
SPPPPLQYGF,10,12.566163519190914,10,12.233864064893128,0.9735560138310868,NEUTRAL
NTLALPLPGYY,11,17.27889602989226,11,16.81576576921159,0.9731967679023324,NEUTRAL
NPLPLLKLPFFF,12,9.1530377372963,12,8.903301024531876,0.9727154284804475,NEUTRAL
NTLLLPKLLFT,11,13.145839966500453,11,12.785408475220738,0.9725820873981272,NEUTRAL
KVPLPLQIGK,10,9.663923405673126,10,9.396577037928319,0.9723356284479797,NEUTRAL
NTEPLLGLLLLIY,13,32.70481659903556,13,31.78252670625465,0.9717995699505587,NEUTRAL
NPALNLGIFK,10,6.2874709320201445,10,6.110047920339687,0.9717814979029331,NEUTRAL
KPLPALGPLPGY,12,6.840221343334873,12,6.646562685135938,0.971688246844872,NEUTRAL
KPLPPPQLPFY,11,11.5563311521845,11,11.224275626476123,0.9712663542316708,NEUTRAL
SPPLNQQLGF,10,29.812520472376683,10,28.954745187393605,0.9712276831548723,NEUTRAL
NPPLLPGPKLGLK,13,17.00813629932202,13,16.518166313026395,0.9711920237659927,NEUTRAL
NTPLLPKPKLLLY,13,18.847066147731184,13,18.295328880647713,0.970725562124167,NEUTRAL
KVEPPKAGLLLYL,13,29.583783105999007,13,28.714920571363976,0.9706304453517021,NEUTRAL
KPPKLLSFPGK,11,13.025491988134851,11,12.641793702856736,0.970542511129128,NEUTRAL
KPPLPPGIFF,10,10.800409758587335,10,10.476924947196299,0.9700488390142943,NEUTRAL
NTPPPPKPLGT,11,14.647279906333303,11,14.206151561356311,0.9698832583388911,NEUTRAL
KTLPLLLLNK,10,14.651740103813498,10,14.205155815177054,0.9695200511698806,NEUTRAL
NVPLLPLYGF,10,10.700944436217348,10,10.372225344808315,0.9692813009759697,NEUTRAL
SVELGLGLLLLLY,13,33.62463650088872,13,32.58066813517326,0.9689522780212698,NEUTRAL
KPPAPQQIGF,10,12.264747935574027,10,11.879839298597684,0.968616669580309,NEUTRAL
SPLLNQLLFG,10,16.848347915577556,10,16.3006413312579,0.9674919709004074,NEUTRAL
KPLLLKGGKQLIK,13,23.836696501946182,13,23.043416792966646,0.9667202328596679,NEUTRAL
SPLKPPSFQFT,11,16.599810176509653,11,16.038532927827713,0.966187730900911,NEUTRAL
KTLLAPKPLPFY,12,11.687065790498558,12,11.290706995989376,0.9660856880919233,NEUTRAL
SPLLLLPLLLGK,12,14.165649955800232,12,13.674201297258218,0.9653070166158676,NEUTRAL
NTLPLPSLGGY,11,11.50754536858061,11,11.107797856762032,0.9652621389692696,NEUTRAL
NPPPPPGLPLLIN,13,10.64903181764716,13,10.275956074400314,0.9649662288895974,NEUTRAL
KPLPLQQIGK,10,7.676424560935095,10,7.403471944619608,0.9644427409989115,NEUTRAL
STLLPLLLNK,10,13.266686249324481,10,12.792241493549454,0.9642378852670022,NEUTRAL
SPALLPQYGF,10,13.129276694203362,10,12.659534714161424,0.9642217929454308,NEUTRAL
NPAAALPLPPYY,12,13.783220522232968,12,13.280436711731403,0.9635220368352554,NEUTRAL
SPLPLQGIGF,10,9.020016842610099,10,8.684665345673315,0.9628214112247994,NEUTRAL
NPLPLLKLPLGY,12,7.478411099002021,12,7.196635461597421,0.9623214565668632,NEUTRAL
NPPLLPGIFK,10,11.526230806317933,10,11.087321517885691,0.9619208312060122,NEUTRAL
KTLLLQSLLFY,11,16.702146001975127,11,16.065161595571617,0.9618621220094602,NEUTRAL
NPLAAPPPLLGY,12,16.303206541069983,12,15.670437569356832,0.9611874529026471,NEUTRAL
NPPLLKKPLLPIK,13,16.011677354727645,13,15.37034486457826,0.959945952198442,NEUTRAL
KVLKPPGLLQKIL,13,21.094320623608564,13,20.247264251716633,0.9598443397630018,NEUTRAL
KPPAPLLYFG,10,11.750883873937065,10,11.278936010957937,0.959837245602785,NEUTRAL
NVPLLLGKLLYL,12,18.13071687726233,12,17.399114687109613,0.9596484686675453,NEUTRAL
SVPLLLLING,10,20.174089059739007,10,19.335636136365196,0.9584391185698147,NEUTRAL
SPLLGPGPLLGLK,13,14.36439710434016,13,13.765762277318228,0.9583250990157425,NEUTRAL
SPLPAPSLLFK,11,9.475067758944562,11,9.075792935129439,0.9578604782600945,NEUTRAL
KVPLPQLING,10,13.075783334562542,10,12.524289347218698,0.9578232543907248,NEUTRAL
KTPPPLGGPQGYK,13,45.40527511129947,13,43.48877675485416,0.9577912841239812,NEUTRAL
NPALAPGPLFYY,12,22.88539935637756,12,21.912157426870287,0.9574732380959715,NEUTRAL
SPAPLLLYNK,10,14.493645996125082,10,13.876140051675021,0.9573947131994839,NEUTRAL
NVPPPPPLLFYY,12,20.866541116866372,12,19.974248989679484,0.9572381391726849,NEUTRAL
KPLLPFKLQPYY,12,13.511022716879932,12,12.931305266814189,0.9570930001219319,NEUTRAL
STLLPYKLLLGY,12,14.502802651187936,12,13.877245077756623,0.9568664355106512,NEUTRAL
KTLAALSFPGY,11,18.50402103861159,11,17.68765798524156,0.9558818566155671,NEUTRAL
SPLPLPQLQLY,11,12.974268057025125,11,12.399321864399134,0.9556856548593755,NEUTRAL
SPPPLPGLLLPIN,13,19.795418186703174,13,18.914183318619184,0.955482887010898,NEUTRAL
SPPLPLGIFG,10,13.789294713246647,10,13.172526628880654,0.955271962983466,NEUTRAL
KPLKPLLLPGK,11,9.280297374281782,11,8.85898754558847,0.9546016887496649,NEUTRAL
STPPPLLLGG,10,9.575381022607568,10,9.136731200426166,0.9541898310734847,NEUTRAL
SPPLPLGIFF,10,18.958753461757944,10,18.089503620492188,0.9541504749761562,NEUTRAL
SPPALPGLGF,10,11.23227191199363,10,10.713667693078767,0.9538290896999113,NEUTRAL
NPPLPPKLQLYL,12,14.372248751557757,12,13.70835518069816,0.9538072585344279,NEUTRAL
SVAAPPSLGYG,11,16.058149969501883,11,15.313670670710524,0.9536385386731786,NEUTRAL
KTLLPQGYGG,10,14.20344559773738,10,13.542915525716417,0.9534950820576814,NEUTRAL
KVPLPKGLLLPIK,13,13.027790275148002,13,12.42000313137063,0.9533468738027817,NEUTRAL
SPPLLLGINF,10,15.169548315745516,10,14.459100586085295,0.9531661909192907,NEUTRAL
NPPKLLGPLLPL,12,12.965696244106287,12,12.346053039610204,0.9522090296710639,NEUTRAL
STPALLLLNK,10,12.621748172128465,10,12.016963823878298,0.9520839474847342,NEUTRAL
NTAPLPGLLLYY,12,18.069649427495975,12,17.20295771732813,0.9520360528495351,NEUTRAL
NPLLPPKPPLYY,12,14.034536931586201,12,13.359811548972564,0.9519239298095332,NEUTRAL
KVLPLGKLLFT,11,11.281372605864668,11,10.73021724260009,0.9511446538891857,NEUTRAL
NPPPLKGLLLPLY,13,19.24016033740045,13,18.29987895636675,0.9511292336163171,NEUTRAL
KTPPAQQLQGT,11,28.127892875424468,11,26.73953823744314,0.9506413564595753,NEUTRAL
NPLPLPLIFF,10,15.22141711562362,10,14.467576577624476,0.9504750095031963,NEUTRAL
KPLLLFKLPLGK,12,19.06820192754548,12,18.122756212470506,0.9504176786742957,NEUTRAL
KPAAPQQYGF,10,11.686007001286473,10,11.100660319618557,0.9499104628635361,NEUTRAL
NPPPLPLFLGY,11,12.756494761582758,11,12.114893322005086,0.9497039389292184,NEUTRAL
KVLPLPALLLLYK,13,21.62472379548899,13,20.52925258457265,0.9493417247185899,NEUTRAL
KPLPPPKLLLPK,12,7.572583006751514,12,7.179710040528632,0.9481190280948248,NEUTRAL
NPPLPLKLLLGK,12,8.382095287569262,12,7.945101235862846,0.9478657738054489,NEUTRAL
STPAPLLLPFY,11,15.341842601654145,11,14.521725352208255,0.9465437580908654,NEUTRAL
SVLPALLLQGY,11,12.720223161268153,11,12.029080568521017,0.9456658437525217,NEUTRAL
SVPAAPQLGT,10,22.675779204964883,10,21.437100329002128,0.9453743633342688,NEUTRAL
NVLPPFGKLLGF,12,10.073422523581307,12,9.516298702455748,0.9446936907668309,NEUTRAL
NPLPLPLLLYY,11,17.457986784131943,11,16.48871882152277,0.944479969277433,NEUTRAL
NTLPPQQPQFT,11,27.233800208847793,11,25.71279616771387,0.9441501358800534,NEUTRAL
KPLLPLQIFF,10,13.350071490956088,10,12.595384540246531,0.9434694449972936,NEUTRAL
STPLPPQLGT,10,13.337905608683386,10,12.577880369047866,0.9430176474527815,NEUTRAL
SPLLPPSLGYY,11,16.466094479083413,11,15.525148679123285,0.9428555568440716,NEUTRAL
KPALPPLLFK,10,9.112218308728814,10,8.589699191131604,0.9426573091322148,NEUTRAL
KVAAPPQIFK,10,22.57301682399382,10,21.263988096379983,0.9420091369345716,NEUTRAL
SPLPLLLINF,10,17.598829994628886,10,16.576195543819598,0.9418919069550991,NEUTRAL
KVLPLPKPLLGF,12,8.771104808002175,12,8.261225820002764,0.941868327974575,NEUTRAL
NPAPPFKLQPGF,12,12.612275571068219,12,11.874221196626085,0.9414812679691851,NEUTRAL
NPPPPPKLGYG,11,14.965618529379823,11,14.089258287773703,0.9414417626718409,NEUTRAL
SPALLQGLGK,10,11.109055873051549,10,10.458057880416192,0.9413993412154354,NEUTRAL
SPALPFKLPPGY,12,9.40206742174607,12,8.843086803254923,0.9405470527473268,NEUTRAL
SPAPLQLING,10,10.336434680360613,10,9.7213816649898,0.9404965992249316,NEUTRAL
KPPALQGLNK,10,14.81911415955904,10,13.933671740526854,0.9402499765169139,NEUTRAL
KTLKLPKLLLYY,12,19.46821972935024,12,18.296153307076068,0.9397959115641599,NEUTRAL
SPAPPQQYNT,10,33.17074175049347,10,31.171557296630525,0.9397304869182431,NEUTRAL
STPKLPKLQQPY,12,21.63771499498688,12,20.327828017327896,0.939462786252501,NEUTRAL
SVPLLPKLLLPL,12,9.941701148599236,12,9.339488620375388,0.9394256054147535,NEUTRAL
KTLAALKPLPYY,12,14.658742243561441,12,13.767071862986517,0.9391714264594173,NEUTRAL
NTLPPKKPLLGIN,13,17.81319644839561,13,16.72763495527566,0.9390585796173757,NEUTRAL
KPEKPKGLLPPLY,13,15.588822269977694,13,14.63254681376838,0.9386563372365216,NEUTRAL
SPPLLPQYNF,10,22.335728740666315,10,20.951806756987065,0.9380399896619641,NEUTRAL
KVPALPLLNK,10,8.56771811121148,10,8.034059388493258,0.9377128523848268,NEUTRAL
NPLLAPKLLLPK,12,9.871785308177119,12,9.250515055442962,0.9370660692732511,NEUTRAL
NPPPPPLLLFY,11,15.829965848375503,11,14.831085778894968,0.9368994172793467,NEUTRAL
SPLPPLKPLQPY,12,10.371849466072426,12,9.705270387964266,0.9357318981259204,NEUTRAL
STPPLLGLNF,10,9.662865900508658,10,9.039291187459934,0.9354668977641614,NEUTRAL
KPPLLPQYNF,10,18.072148321550987,10,16.90188647552993,0.9352450065593186,NEUTRAL
KPPLLPGLKLLYL,13,21.093083457513668,13,19.71803161234526,0.9348102970370321,NEUTRAL
NTLPLLSLQGT,11,10.571487260031596,11,9.878064400894212,0.9344063099088188,NEUTRAL
SPPLLPKPKLGLK,13,28.202168183589812,13,26.33106889939406,0.9336540626232951,NEUTRAL
NPPAPPLYGG,10,11.151557029744298,10,10.40819204856412,0.9333398036527618,NEUTRAL
KPLPAPSPPFY,11,16.21348225245581,11,15.127039403247828,0.9329913936875945,NEUTRAL
SPLAAFPPLLGY,12,13.610629242407159,12,12.693320940145728,0.9326035346401665,NEUTRAL
KPLPLGKLPFG,11,5.457040914693375,11,5.089227131531086,0.9325983094295791,NEUTRAL
KPALPKGLLLPLK,13,9.195510991839509,13,8.564064494471145,0.9313310051036058,NEUTRAL
KPLPLPQYFF,10,11.412582366225912,10,10.628580113125498,0.9313036937704328,NEUTRAL
SPPLPLLKLLGL,12,15.896913386729306,12,14.788026808497818,0.9302451645011048,NEUTRAL
KPLPLPKLGFG,11,8.185738139598152,11,7.607950950855174,0.9294153833301901,NEUTRAL
NTPAPLLYNF,10,16.927797291209796,10,15.709884557764338,0.9280524977648515,NEUTRAL
KPLPLPKLPGT,11,7.744906919870655,11,7.187368329585342,0.9280122284162166,NEUTRAL
NTAPALGLQFGF,12,14.200479451476562,12,13.178017498220061,0.9279980681814102,NEUTRAL
KVLLLPQINK,10,22.268062280500626,10,20.662329392945477,0.9278907671745991,NEUTRAL
KTLAPGLFLFY,11,25.62147463795398,11,23.769163324579758,0.9277047344249917,NEUTRAL
STPKLLGPPLPK,12,24.16656679243503,12,22.412779284827838,0.9274291825284762,NEUTRAL
SPAALPLLGYT,11,16.649907029022312,11,15.44052732244437,0.927364176600513,NEUTRAL
KPALLPKLPYT,11,14.94133248507672,11,13.849421272068518,0.9269200913573945,NEUTRAL
SPALPLQYGG,10,10.114420938145344,10,9.374940346690293,0.9268884896152396,NEUTRAL
KPPPAPQLQGY,11,19.892771913295217,11,18.428545571405902,0.9263940516549779,NEUTRAL
STPPLPGYNG,10,14.028792863370706,10,12.995446633830202,0.9263410444787036,NEUTRAL
KTLKLLSFPGK,11,20.59128180891346,11,19.065283481769377,0.9258910474197135,NEUTRAL
SPAPPPQLGF,10,19.616275528965126,10,18.145588737768986,0.9250272158430614,NEUTRAL
SPPALPQLNK,10,18.11923510112192,10,16.759778616210337,0.9249716405066455,NEUTRAL
NPPLLPKGLQPLL,13,19.14647061896079,13,17.698596218882813,0.9243790446347775,NEUTRAL
KTEPLLKPLLKYY,13,25.836596453429895,13,23.871149665312277,0.9239277978560253,NEUTRAL
SPPLLPLINF,10,11.169294270947079,10,10.316917845536457,0.9236857401431553,NEUTRAL
KPPAPLGLNK,10,12.184846859539974,10,11.246632391321485,0.9230015379730501,NEUTRAL
SPPLNQQLGG,10,32.54521949178241,10,30.025260710904963,0.922570539691283,NEUTRAL
KTPLPPKPLLGYN,13,14.809355274880325,13,13.651532490013553,0.9218181505287624,NEUTRAL
SVLPPPKPLPGK,12,10.538237100135706,12,9.714155264985038,0.9218007881849559,NEUTRAL
KPPPLPKKLLGY,12,20.344652441492457,12,18.748423461431535,0.9215406119789272,NEUTRAL
SVPPAFGKLPGF,12,12.154332260134955,12,11.190471596994744,0.9206981804914465,NEUTRAL
KTLKLPKLLQPY,12,12.680994660512777,12,11.668904140657032,0.9201883963402899,NEUTRAL
SPAALPLLGT,10,12.618092451639031,10,11.609845797095216,0.9200951603098416,NEUTRAL
KPPPLPLLNF,10,8.412256028251479,10,7.73544370164675,0.919544492662641,NEUTRAL
STPALLGIGK,10,14.600844765115736,10,13.425207725515623,0.9194815739422872,NEUTRAL
KPPLLPQINK,10,24.09432458486184,10,22.131291071161055,0.9185271408299142,NEUTRAL
KTPLNQLIFG,10,17.33836583345774,10,15.906622846721165,0.9174234180724374,NEUTRAL
NPPPPKGLKLPLY,13,15.97641217936561,13,14.6548529175585,0.91728059798595,NEUTRAL
KTLALFKPQFGF,12,22.484873589918315,12,20.614280192108343,0.9168065859774857,NEUTRAL
SPLLPFKPLPYF,12,13.753306111106282,12,12.607723793392685,0.9167049501800517,NEUTRAL
NTAPLPLLQGK,11,7.294311223782876,11,6.679700317763112,0.915741063526897,NEUTRAL
SPLPAQQLGF,10,10.981971968153768,10,10.050078757472615,0.9151433628328758,NEUTRAL
SVPPPPKKQLGK,12,27.150013262408688,12,24.818624101948377,0.9141293546368796,NEUTRAL
KPLLLPKLLFY,11,12.949051213119224,11,11.828413044914981,0.9134578935737873,NEUTRAL
KPPKLPQLPGT,11,15.147733602020207,11,13.836094376407905,0.9134101998309917,NEUTRAL
NPPPLKALKPGIY,13,20.848469901647082,13,19.02429068024963,0.9125029688028408,NEUTRAL
SPLTLKKLKLLYY,13,27.925187155570693,13,25.448199229221903,0.9112991468042976,NEUTRAL
SPLPLQLLNG,10,11.637919554808107,10,10.601252622406397,0.9109233460912333,NEUTRAL
SPPPLLKLKLKLL,13,35.4185251640883,13,32.21764076972667,0.9096268300407075,NEUTRAL
SPAPLPQPLFY,11,18.58691233241141,11,16.903643526409834,0.9094379541960645,NEUTRAL
NPPAPPSFLYT,11,12.994263115764097,11,11.803973843181929,0.9083988632538802,NEUTRAL
NVPLLFKPQFYK,12,22.95411534186053,12,20.84967283669183,0.9083195987374469,NEUTRAL
KPPLPLQIGF,10,7.886541127856578,10,7.160997365651382,0.9080022851028502,NEUTRAL
NTLPLPSLPGG,11,7.78710386779944,11,7.069270275189206,0.9078176425026822,NEUTRAL
SVPPLPKLLLPIL,13,13.982118116940114,13,12.67224800297946,0.9063181913494441,NEUTRAL
NVPPPLGLLLKLY,13,33.49494395528142,13,30.341917848121057,0.9058656103031574,NEUTRAL
NPLLPPKLLLFK,12,16.468049654931356,12,14.915286366182247,0.9057105533875935,NEUTRAL
SPLAPPLLGFY,11,17.989742613224994,11,16.287945601917606,0.905401814361906,NEUTRAL
STLKLQLLQLY,11,21.001208480487744,11,19.00114526065962,0.9047643747888896,NEUTRAL
STPLLPLILF,10,16.906339906890235,10,15.27077973591918,0.903257583842587,NEUTRAL
SPPPLLKLKLKYL,13,26.849551294961824,13,24.21761796330305,0.9019747740755487,NEUTRAL
SPAPLYGKLPYL,12,13.624590013078674,12,12.285805205926472,0.9017376078203411,NEUTRAL
SPPLLKKGLQGYK,13,27.286730929426316,13,24.59126715052817,0.9012170499328183,NEUTRAL
KPPPPLKLGGY,11,10.807078539084225,11,9.734105204550835,0.9007156901235667,NEUTRAL
NTPANPLIFG,10,12.195425991096304,10,10.982951258315051,0.9005795505899947,NEUTRAL
NPLPLPKLGGY,11,11.43210296661769,11,10.29153013000057,0.9002307064633998,NEUTRAL
NVALPLKGKLPLK,13,9.165371411636448,13,8.250447165376809,0.9001759770369979,NEUTRAL
KVLLLPKLLLGK,12,14.500358236727372,12,13.031111084202657,0.89867511350145,NEUTRAL
NVAPLKKPKLLYY,13,26.833942741282257,13,24.100667385816234,0.8981411199308755,NEUTRAL
SPPAPQLLNF,10,20.964188767672134,10,18.822089916236635,0.8978210473501018,NEUTRAL
NPLALPKLLFG,11,9.08634777640956,11,8.140567800523566,0.8959119770496264,NEUTRAL
SPPLPPQIGT,10,22.85464103164281,10,20.450952355800112,0.8948271087472023,NEUTRAL
SPPLLPKLKLKLY,13,24.746137693690287,13,22.111049084687263,0.8935151561176792,NEUTRAL
NPLPLPKLQLGK,12,8.206400731606518,12,7.329216459397649,0.8931097443449916,NEUTRAL
KPPPLPGGKQPLK,13,27.906378314098024,13,24.904287278045537,0.8924227643493294,NEUTRAL
NTAALPLPGGG,11,7.44712104185547,11,6.632303349229418,0.890586216063028,NEUTRAL
NPAAPQGYNK,10,24.32529213843784,10,21.65403853876648,0.8901861657213006,NEUTRAL
KVLPLPQLLFY,11,14.854909287620762,11,13.220800713191329,0.8899953851760504,NEUTRAL
SPPALPLIGK,10,11.412185111275939,10,10.15558379328704,0.889889507948193,NEUTRAL
STLPLPKFGFY,11,17.24957695169272,11,15.338115776246008,0.889187938881067,NEUTRAL
SVLPPFKKLFYF,12,16.888666095238154,12,15.013772163786728,0.8889850790536937,NEUTRAL
KPAPLGKLLFT,11,10.49819108583753,11,9.329024507672173,0.8886316158083074,NEUTRAL
SPPPLKGLLPKLL,13,20.450645177225965,13,18.161550947772508,0.8880673832235565,NEUTRAL
KPPLALGKLLGK,12,12.211498244083556,12,10.84258313396221,0.887899495806374,NEUTRAL
NVPLPLGGKLGLK,13,15.53405700417851,13,13.785560478042687,0.8874410898797722,NEUTRAL
NVPPLKKLLLLLN,13,22.427890799101515,13,19.896533314346684,0.8871335023239796,NEUTRAL
KPALPPGIFG,10,8.136564785500335,10,7.207898273915947,0.8858650381252655,NEUTRAL
NTLPAQQPLLK,11,12.957469913111428,11,11.47285812987399,0.8854242538711059,NEUTRAL
KTLLLQSLQFY,11,17.554363697083684,11,15.52882468775419,0.884613361994659,NEUTRAL
KPPLNLGIFG,10,10.445135123135612,10,9.21570303098334,0.882296200321131,NEUTRAL
KTPALPQLNK,10,21.00343174091914,10,18.490354222410577,0.880349194859783,NEUTRAL
KTAKLQSLPGK,11,19.119442833242196,11,16.798483015954385,0.8786073507721442,NEUTRAL
STPALPLLGF,10,10.876920632981948,10,9.542519701747112,0.8773181329292273,NEUTRAL
NTPALPLLPGG,11,12.699844343072831,11,11.136723168158207,0.87691808397894,NEUTRAL
SVLLGPKPLLLYL,13,21.691598925408098,13,19.013457872370726,0.876535562811814,NEUTRAL
KPALPLLIGG,10,6.5502705200388585,10,5.737865288604093,0.8759737893344371,NEUTRAL
SPLLLPKLPYY,11,15.29421192190794,11,13.37009423254796,0.8741930804160095,NEUTRAL
KVLTLKGLLLGIN,13,11.655143728975558,13,10.184756030281418,0.8738421650658288,NEUTRAL
SPLLPLKPLPYK,12,14.616786514342259,12,12.75569490231178,0.872674365859805,NEUTRAL
SPPLLPLIFK,10,16.10498400965253,10,14.048651157810145,0.87231698891412,NEUTRAL
NVPLGKGLPLLLY,13,16.583559891201165,13,14.463348305942842,0.8721497917715932,NEUTRAL
SVLPAFKLLFFY,12,21.927480328198325,12,19.083255833823653,0.8702894973884868,NEUTRAL
KPPLPPQIFF,10,13.817877310425501,10,11.998066388009459,0.8683002546966453,NEUTRAL
NPPPNPGLFG,10,10.704537275215984,10,9.266280116721983,0.8656404175616287,NEUTRAL
KPLAPLKLGFY,11,8.578240403271334,11,7.424673155969986,0.8655240243836682,NEUTRAL
NPLLPLKLPFYF,12,11.648734793619868,12,10.081793491512936,0.8654839920499211,NEUTRAL
SVPLLLLLNF,10,24.378759344191856,10,20.991341847647867,0.8610504559022595,NEUTRAL
KTPPPPKKPPGK,12,21.567843319837547,12,18.543335719433568,0.8597677312676825,NEUTRAL
SPPPNPLING,10,18.232259410355383,10,15.666720567418027,0.8592857426392142,NEUTRAL
KVPLLPKKLLPK,12,16.720605273276608,12,14.340396057644574,0.8576481427119054,NEUTRAL
KPLPALPKLPYF,12,5.502209014338555,12,4.705800135611713,0.8552565203082199,NEUTRAL
KTLLPPKPLPGF,12,9.300156722578208,12,7.949258328921668,0.8547445560377566,NEUTRAL
KVLLAPKLLPGK,12,13.681711561861324,12,11.662198464717395,0.8523932412978611,NEUTRAL
NPPLLPQLNG,10,13.744367065187072,10,11.677665427100413,0.8496328257034563,NEUTRAL
SPLLPPLIGF,10,11.955531033853488,10,10.137210812582993,0.8479097067188645,NEUTRAL
KPAPGKGLLLGLY,13,14.802125909500429,13,12.51516141597647,0.8454975651804097,NEUTRAL
SPLLAPKLLFYK,12,19.552619071307348,12,16.530828659943264,0.8454534198030568,NEUTRAL
NPLLPFKLQFFY,12,19.13386658649906,12,16.158213609832348,0.8444824017553072,NEUTRAL
NPALPPLYNF,10,9.354754029569532,10,7.873012718926839,0.8416055295565182,NEUTRAL
NVALLPKLLLYK,12,13.575738081691064,12,11.135066445529935,0.8202181257862698,NEUTRAL
KTLALPKLPYY,11,14.244160544261888,11,11.680956782623186,0.820052311705286,NEUTRAL
SVAPPLLIGF,10,13.914377378985064,10,11.239389565190464,0.8077536823289957,NEUTRAL
SVPPLKGLKLGLN,13,16.07318027377624,13,12.922219589174011,0.8039615912388481,NEUTRAL
SVPPLKKLLLLIK,13,25.0325011827223,13,19.659411023521617,0.7853554417123428,NEUTRAL
STLLPLPKLFYY,12,21.03979337829551,12,16.048600549600156,0.7627736765778208,N392-SEL
STALNPGYGF,10,13.391551760707308,10,9.917241489549417,0.7405595458061847,N392-SEL
