peptide,length,ppl
STKKSSSSHQQ,11,15.72277446047067
KKLLKSSLXKK,11,10.896517378067106
ARIKLKSSLWSTK,13,17.11805350295356
SKTKKSSSSKGG,12,9.750771134540676
SSTKKLLSSGSG,12,9.750629324906942
KTLKKSLSXQQ,11,11.726476250660093
SKIKLKSSLQLTG,13,14.222621972647053
SKLKKLLXXKQ,11,13.611963013803837
SKLKNSSIGK,10,7.804294417686635
IRTIKLSSLGKN,12,10.729360251969839
SHTKKGSSLQGGK,13,15.983959736193603
KSLLLSQSKQQ,11,13.446766528588677
IKLXLSSKXQ,10,16.2784962728634
SRTKKGSLSWLGK,13,12.342394775878004
SKLKSSLKXK,10,7.933622744384409
KTLKLLSXKQQ,11,11.557551789760337
KKLKQLLIGQ,10,22.979336386567752
KKLKLQSIGQ,10,14.406524830604907
VSLKLSSXXGQ,11,8.559255288897482
KKIKLLSIGX,10,12.857587413593716
IKTKKKSLSKSN,12,13.627387134155422
VTLKLSLIXQ,10,19.938530887396965
KSYKLSLXKGK,11,9.508444874590063
KSYLKLSLHGK,11,17.0545365986865
KKLLQLSLXQ,10,16.46249096806945
KKKILLSSXKK,11,10.21680319768217
SKTILSXSLQQG,12,16.79703324301492
ISTKKSSSLQKK,12,13.29692120779114
SKIKLLLXXK,10,11.363300720363641
SKLIKSSSLKSK,12,8.693863613296784
KHTSLKSGLLLGN,13,13.865121074842108
IKTKLKSSXQGK,12,10.114502928317188
SKLKSLSXXK,10,6.47529437616854
KSIKKKSGLQLGG,13,13.567386707676365
IKLKLSSLXK,10,14.579423802119374
IKIKKSSLSQGK,12,12.715123119417257
KKLKSSLIHK,10,12.164896499640056
SSIKKKSLSQGN,12,10.093860003801668
ISTKISLSXGSN,12,14.25952586559533
KTLKLSSIGQ,10,9.20247004762733
KKLKLSSXXQQ,11,9.269499557982614
VNYKNLSIGQ,10,19.03886507093494
SKIKKKSLSQSGG,13,10.776719858674781
ISTKKSSGLQGG,12,16.700585090965948
KSITKKSLLQLGK,13,11.238116789599196
SNIKNSXXHQ,10,14.291284114168329
AKTTLGSGLKLTN,13,10.53437105423325
ITLKKLQSKQS,11,13.029042080385677
SRISKGLLLWGGK,13,17.859996019658084
KKILKLSSSQGK,12,12.686383476769377
KRTKLLXGSGSK,12,17.691137407108048
ITLLKLSXKQK,11,12.480212762672615
ISYILSSSXKK,11,11.294961021811794
IKLKLLSLHK,10,24.27491104833055
ITLLKQSXKGK,11,10.634113386209812
SKYKLQLKHQ,10,16.434533667863086
KTYKLSLXKKQ,11,10.902377290259095
SSTLKLSSLGSG,12,6.030052943459692
SKTIKLXLLQGG,12,20.224029201532325
KSYKKSSXKQS,11,12.143971181617122
SKYKLLLSKKS,11,16.004082368687712
SKTTLKSGLWLTK,13,12.232621579503949
IKYKIKSSSGKN,12,18.955038287950977
SSTKQKSSXQGGK,13,14.806855661441107
SHVKKGLGLLLAK,13,17.334538367785257
SRTKKKSGLQGGN,13,18.720248067438316
KKLLNLXKXK,10,13.033512907519299
KTIKNSLLGK,10,8.749256081698729
ITLKLLQXHKS,11,17.26100559334643
IKLLNSSLHK,10,13.656109476355647
ARIKKQKGXLGAK,13,13.778765188010942
AKTTQKSSLLSGK,13,11.153412983560873
SRTKKLSGXKGN,12,12.755323881959956
KTLKLSSSXGQ,11,7.866151256451583
SSTLKKXGLQSG,12,17.585001587489923
SRIILSSSXGSN,12,13.358903790037031
KKIKLLLLXQ,10,21.003291528353298
INIKLLSIXQ,10,16.461670671092744
KTKIKLLSXKS,11,15.465831261229491
KKKKLLSSXGK,11,11.65198743643667
KKYKYQLLKQK,11,24.071013058615353
KTLIKSSSKKS,11,9.451328011913557
IKLIKLQSKKQ,11,19.32185261662505
KKIIKLSLLKSK,12,17.79751919129153
KKTLKKLSSQSN,12,13.939184105301244
KSVSKKSSXLLTK,13,14.805200076375437
SRILKKSSXKGK,12,9.922333467139005
SSTKKSSGLQGN,12,15.84551924085693
SKYLSSSXHKK,11,9.228871430040554
KTKKLLLXXQQ,11,12.493865935344289
KSTKKKKGLLLKK,13,15.982610744091062
IRTKLLSSLKGK,12,9.229753806319687
KTLKKLLXHQS,11,18.359684550038967
KRVKKKKSLLLTG,13,18.886249620783108
VSKKLSSXXQQ,11,8.80630732659139
IKLKLSSXHGK,11,11.878148491411714
ARVTKGSSSLLTN,13,13.822002563309528
IKKKKSLSHKQ,11,17.66720860989945
KKIKSLSKGK,10,8.19164395599722
KKLKKSQXXKK,11,11.729708652218978
IKLKKLLSHQQ,11,18.799844893592777
KKLLQLSIGK,10,16.339878692853233
ISTKKKSSLQKK,12,13.939529739075008
VKLKLSSIXK,10,12.732830429246329
ISTKKKSSLGGK,12,10.397903848335156
KSIKKLSLLKSN,12,10.486041226772345
IRTKKKSGLKQG,12,18.653734577019097
VNYKLSXXGQ,10,12.660244027077539
KKIKNQSIHK,10,13.729854733049747
VKIKLSSXXX,10,8.628632558863222
KRTKLKSGLKSG,12,15.935859011572017
SNIKNSXIXQ,10,15.705693870578479
ISLKYSSSXGQ,11,15.653574315762516
STLKSLQSKQQ,11,8.247267042578859
KSTKLLSGXGGN,12,9.709515039270684
SRTTQKKLLKSKN,13,13.002295804689046
IKLKISSSLQQN,12,19.214690662227635
ASTKQKSSLQSGG,13,14.521122933356288
VTLLLLSIXK,10,35.8988208879231
SKTSKKSGLLSGN,13,11.069183980731385
VNIKQLLLXK,10,15.944607642142744
KRTKLLSSXGGK,12,10.876495346662669
IKYILQLLHKS,11,39.37726764103166
VTIKNSXKHK,10,11.810009216223197
SRILKKLSLKGG,12,17.615478756628693
ITYIKLSLXGK,11,30.13311183416888
KKLKLSSKHQ,10,10.459975477186351
INIXNSLIXQ,10,11.890340716879017
SRTKLLSSSQKN,12,13.809653545230004
SKIKKLXLLKSG,12,14.921496576775723
KSTKIKSSXKGG,12,11.46977307835568
SKYIKLSXHQQ,11,14.741233332572948
VKYKYQSLHGQ,11,27.128388886781007
KSTLILLSLGQN,12,32.69518038815394
KKLKLQSXXK,10,10.093672293573801
KTKLLLQSXKK,11,10.68557622204666
KSYKLSSSXKK,11,7.6598480407867635
KKLKKLSSXQS,11,12.116305839597588
STYKLKSLXQK,11,9.269150381255075
VTLKYSQSHKK,11,15.451287853904956
SKIKKLSLXQKG,12,10.017116716838219
KRITLKKSLKSTG,13,11.590762278159051
KKIKNLSXXK,10,7.211512319313877
KKLXLLLIXK,10,14.222547372221621
SRITKKSLXKLGK,13,7.591683381202466
KKTKKKSSLQKN,12,17.091134280842844
KKTLISSSXQGN,12,18.890009860451315
KSTKKSSGLQQN,12,18.90886286566643
KKLILSSIHK,10,14.290347135280918
SKTKLKKGXQGTG,13,17.03164346676123
KKLKLLSXXK,10,9.997072968062408
SSTTKQKLLLLTK,13,11.47639820916571
KKLILQSXXX,10,8.843158487655945
KRILKSSSLQKG,12,11.647196284990214
SRIKQKSLSQGGN,13,10.97746155314509
IKIIKKSSSKQN,12,18.53507015048241
KHITQKSSLQGTK,13,21.41907118514997
KSIKKLLSXGGN,12,10.497477765389094
KRIKKKSGSQGN,12,17.61314379067157
SRIKKKLSSKSK,12,9.692667731137943
SRITQKKSSQGKK,13,14.981022723449803
KSLIISSSLKQG,12,11.620873218590223
ARTSKKSGLQGTN,13,21.045708400939436
SSTSLKSGXQLGN,13,9.52050837306492
ITLLYSSXXGK,11,19.390286104890198
VKIKLLSKXQ,10,14.344872249154395
KKLKKLSXXGK,11,8.641932480387599
SHISKKSSSWLGK,13,12.907390503282981
IRIIKLLSLQQN,12,34.00122362656634
SSTLKSSLXKKN,12,7.281109508261331
KSIKKKSSSQGG,12,12.134897655918685
KKLLLSSKGK,10,9.865975937765601
SHTSQKSGSQSGG,13,16.02972893970174
ISILISSSXQSN,12,18.517234391059322
VTKILLLSXKK,11,11.34426002316631
VKLKSQSKHK,10,12.739334652166097
IKTLKSSSSGKK,12,6.916942171331696
AHITKKSGLWLTG,13,20.939397113030413
SKYKKKSSHGQ,11,13.522021415893422
ISYKLSLSKGQ,11,16.520564873938707
KTLKLLSXXQK,11,8.68520371460821
KRTSKQSGLKLGK,13,11.18000719665757
ITKKKLSXXKQ,11,10.674403023778009
KKLKLLXKHK,10,11.27779588683764
KKIXSSSIXQ,10,9.771786376429635
SKITKGSGLQLTN,13,14.212473128986783
SRIILLXLLKKN,12,24.24578223672933
KHTSQQSGXLGGG,13,20.635902019540698
KKLKQLSIHX,10,12.631592286803745
ARTTKKSSLQGGN,13,12.957435930838768
IRTLKLLSLQGN,12,20.610899068176042
ISLIKLLSXGS,11,26.869441506068974
KRTKKSSSLQSK,12,17.17086061126321
IKTKKKXSXQSG,12,21.603569852991935
SRIKKQSGLKLTG,13,13.792444616801959
KRTTKKSLXQGGK,13,15.164254387753285
KKYKLLSIHQ,10,21.11916982287353
ARTKKKSLSQLGN,13,10.985428676181035
KRTKQKLGSQLAG,13,26.28629595736367
KNIKSSSKXK,10,12.320732317256478
IKTKKKSSLGSN,12,16.355703016909942
KTYKQLSIXK,10,12.453637022512968
KTYKLSLSHGK,11,12.79602698942144
KSLILSSSXQQ,11,11.326474465293039
KTKKLSLSHGK,11,9.091795623196349
ISTKKLSLSQKK,12,5.492157135922647
KKYKSSSXXK,10,12.241523010092946
IKTKKKSLSQSG,12,12.879628748187496
KKLKSLLXHX,10,11.718569571492775
VNYKSLSXHK,10,15.830516885028857
AKVTKKSGSQLTG,13,13.935472405918103
KSLKILLGSQGK,12,12.366132440049634
SKVKKKSGSWGTN,13,24.814287157861724
SSTKKSSLXGSK,12,10.754422837555094
SKLKKKLSXQGN,12,11.709649172893455
KSTLKLSLSKKG,12,7.804977320347506
KRTKLLLGSGGN,12,22.116347762801563
SRTTKKSLSWLTG,13,8.946413345383615
KKTIKLLLXQSK,12,19.819488587296277
IRTIKSSLXKSG,12,12.38015667933688
VKIKLSSIHQ,10,14.968337654477736
VKKKLLQSXQS,11,12.501532661286454
SKLKLSLXGQ,10,9.497272915710852
SHVTLKLSLWLAK,13,38.89994593563761
SSISKQSSXLLGK,13,11.771822270437418
VTKKYQSLHQQ,11,20.995040665925856
ISLKLLLSHQQ,11,18.30791742470979
KTYKLKQXHKS,11,12.277740935472663
KSTKLLSSSKKN,12,11.655796765929349
KKKKKKSLHKS,11,12.972344163004653
KRVKKQLGLKGTG,13,18.829042393129626
KTIKQLSIGX,10,9.254748368036683
STYKNLSKHQ,10,13.8052522037114
KKLKLSSIGK,10,10.001979389834268
KSTKKLSSXQSK,12,8.933598988609823
IKYKILXLXQGK,12,25.32289089254977
ITKKLLLSHGK,11,11.397575199191802
KRISKKSSXQLKN,13,13.062948615351816
SKVKKKLLLWGTK,13,27.989843360064338
KRVTQKSSLQSTK,13,16.68486068394838
KKTKKSSSXGGK,12,15.459387131170308
ISLLLSLSHKQ,11,23.115610647562473
SRTTQKSLLQSTG,13,8.787984420438647
SKYKLLSXHKQ,11,16.664390628196458
SRVTKKSLLKSKG,13,8.884386549882187
KKYKKLQLKGK,11,16.184932936158507
ARISQKKLLQGKK,13,18.860155736100925
SRTKKSLSLQGG,12,13.023737487908864
KSIKKLLSLQKK,12,12.74142751967128
VTLKSLSXHQ,10,11.58393579666336
IKYKKSLXKQK,11,18.18395545037646
KRTTKKSLLQSGK,13,8.076578072719604
KNYKSSSXHK,10,16.74307633047
KKYLKLLXHQK,11,23.43526174541964
KKILKSLLXQSN,12,24.578219541817866
KTYKLQSIHK,10,17.407097793679707
KTLKNLLKXK,10,9.879032400206942
KTYKKLQSKKK,11,10.24677912691251
IKLILLLSHQS,11,39.76873894651475
VTKIKLQXXKK,11,13.046828834783504
KKIKLSSIXK,10,8.444794086588905
KNIXLLSIHK,10,12.604408704407145
KHVSKKSGXLGTG,13,22.015459249623063
SKLKSLXKGK,10,8.363759633312789
KTLISSSSKKS,11,8.884954246373878
KRTSQKLGLQGTK,13,21.716701259516956
KRISQKLSLQLTN,13,15.202920113409355
KHVTKQSGLQLGN,13,17.4193077401307
ISTIKLLSSKSN,12,11.481165636090841
AKIKLKLGSQGGN,13,14.65076202728475
IKTIKSXSXQGG,12,15.672290796167665
VKLKLLLIGK,10,29.183843895220683
KRTKKKKGLWGTK,13,23.753136758332083
SKILKSSSLGQG,12,13.504591354217519
KKLKLLLSXGS,11,19.251530806479483
ISTLKKSSXKSG,12,7.747043649432344
VKLLQLSIGQ,10,22.5477041510649
KKLKQSSIXQ,10,11.371455694242213
ISKLSSLSXQK,11,9.851527358088784
SRTKKQLLXKLKN,13,17.095715019194582
KKLKLLSIGX,10,13.481261934211972
KKLKLLQXKKQ,11,15.515316950853135
SKITQKSSSQGGK,13,10.582540118093501
KTYKSLSXXGQ,11,10.092875767212735
KKYKSSSIXK,10,14.032462506411026
SKIKKSLSXQGK,12,8.070278021827292
VNLKSSSIHK,10,14.550570261517827
KKYKLQSSKQQ,11,18.160775885151615
SRYKKKSGXQSN,12,22.68870400869239
KNIKNSSKXQ,10,12.400800066855483
STYKKLSSKQK,11,10.020109662088023
SRITKQSGSQSGG,13,10.200391283722656
KTLISSSXKKK,11,10.19880819880124
KRLILLSSXKSK,12,12.928857546142039
KRITLKLGLQLGN,13,31.088972378203902
IKLLLLLXXKS,11,30.702711615916506
KKTKQQSGSKLKK,13,16.544778708858658
SRTLKKLSXKSG,12,12.89886902554833
KKLKYLLSXKQ,11,15.43994568664319
SNLISQSXXK,10,10.665476437547944
KKLXLSXIHK,10,12.025665317485599
IKLKKSSLXKGG,12,11.746469336003814
VKYKLLSIXQ,10,19.745222962250253
SKISKKSGLQLGG,13,10.53074745354683
IKIKNLSIHK,10,12.736051760349065
KTLKKSSSKGK,11,7.548509641813243
KSTKKKXLXQGN,12,16.853980633685985
KRTKKKSSXQGTK,13,22.89231353830101
SKTKKLSSXKKK,12,10.832002424884719
SRTLKKSGSKGN,12,11.533479739001997
KKTSKKSLSQGGK,13,11.321914337060768
SKYILLLXXGS,11,26.165243691635933
KTLLKSLSKQK,11,13.292245936144985
KTYKLLSXXQS,11,12.651053204478742
ISTKLLXSSGSK,12,10.51863264309373
KKILKLSGLQGK,12,16.625979327083552
KSTKKSSLSQKG,12,12.46758809293097
ISTKKLSSSKQG,12,8.363861331791155
ARISLQSSSWLTN,13,16.070134007366246
VNLKSSSIGQ,10,15.732073741265244
KSTTKKSSLQGKK,13,10.347557560343065
IKTLKKSSSQGN,12,14.208542992009324
SRIKQKSLSKLGK,13,8.420471119416922
KNIKNSXLGQ,10,11.782419225427788
IKYKLLQXHQK,11,22.681564712849966
KKTKQKSLLQGGG,13,14.997515440676475
KKITQKKGLQLKK,13,15.569195778241301
SSTKISSGXGGK,12,10.279528764481112
KNLILSLKGK,10,12.041605714068483
ITLKLSSSXKS,11,10.399929432286218
SKTSKKLGSLGAG,13,11.522672608141953
SRTKKKSSXWGAK,13,21.038474138636996
KKIKLQSXGQ,10,11.566491445597908
SKLKLLSIXK,10,12.20446912083006
SRVTQQLLXKGGK,13,14.053274172332431
KRITLQLLLKLTN,13,41.47448190867548
KTLKNSSLXK,10,8.094618013338819
KNYKLSSXGX,10,8.484688834191166
KSYKLLSLXQK,11,12.557340381973153
KSTIILSSLKKK,12,8.756516234801287
SRIKKGSSLQLTK,13,11.73039383444559
KRTSKGSLSWLGK,13,11.413311609931606
KKYKKLSSXQQ,11,16.62455236907058
KRTIKLLGLQSG,12,30.65662231357011
VKIKLQSKGQ,10,16.414585972741214
KSYKKLSSLGSG,12,11.597855468266573
VTLIKQLSXGK,11,20.001307254136268
KKTKLLSGLGQN,12,16.618818025960913
ISTLKSSSXQSN,12,9.637718073425114
SSLLKLSSSQSN,12,8.011960424077646
STKKKSLSKGK,11,11.885477060985485
SSVKKKKSLQSGK,13,15.744704064246964
SSLKKLLSLQGN,12,12.286853891471385
KKLILQLKHK,10,23.045361743498635
KKIKNLSLHX,10,7.644213056058638
VKKKLLSXHKK,11,15.094849024226532
IRYLKSXGXKGG,12,15.705892331880843
KKTKKSSGLQGN,12,19.240082354959767
KTLKLSSXXGK,11,5.345858251780238
KKITKKLGLQLTN,13,18.69548446938815
KSTKKQSSXKGTG,13,19.722093820074257
KTLKKLLSHQQ,11,17.454732162371446
ISIKKSSGLKQN,12,13.424961264718767
KSTKILSSLQQG,12,7.870015604753763
SKYKSLSKXK,10,10.01240100038555
KRVKKKSGLQGGN,13,20.305294449620508
IKYLKSSLXGS,11,25.488828088921604
KSLLYQLXHGQ,11,25.99341550125856
KKLKQLSIHQ,10,15.332083091505089
AKVKKKSGLQLGK,13,13.692973267261772
SKTKKQLGSLGTK,13,15.365647596327305
KKLKLSSKGX,10,7.832069850618715
KSIKKSSSXGGG,12,10.115923392962054
SRTTKKSGXLGGN,13,15.316672139095871
KKLKSLSIHK,10,11.311327022381553
KKLKLLSSXGQ,11,12.018986731737646
SKITKGSSLLLAN,13,13.252371802494144
SRTKKSSSSQSG,12,15.246590984290076
AKIKKKSSLLLTG,13,17.755103277131695
SSTKKKSSLQLKG,13,9.862528168275714
KKIKQSSLHK,10,10.080579702711411
IKLKLLLXXGQ,11,26.430987386963672
IKYKKSLLXQQ,11,20.14520719879406
KTLLKLLSKQK,11,17.48710557703175
SSTILSLGLGSG,12,16.354498114720556
KTLKYLLSKGK,11,15.00711565409809
SKLKKKSLLQSN,12,13.546858565363951
SKYKSQLXXQ,10,12.60900738468742
SSTLLKSSLQSN,12,8.703943155866648
VKIKQSSIGQ,10,12.937025614338161
KRIIKSSSXKGN,12,12.101781238914896
KTKKKLLXXKQ,11,12.764964789122551
STLXNSSXGX,10,8.460416363145622
KKYKLLSLKQK,11,19.50784808817529
SKLKNQSIXK,10,14.836871813718165
KKLKLKLLKKS,11,20.910670934149422
KKLKSSSKHK,10,8.883230086417722
SKISKKSGSQGAN,13,13.217220430046005
KTLKLLLSHGQ,11,20.324411499498968
STLKLLLXHGK,11,17.73920646650583
VTIXLSSKHK,10,14.63698856599383
SSYKLLLXXQQ,11,12.871978729978537
ISTKKKSSXKQG,12,13.091548724985762
KTYLLSSLXKQ,11,13.521960161910643
KRTSQGSSLLLGG,13,12.638954797404587
ISTILKXGXGSN,12,17.136653749406783
IRTKKSSSLQGK,12,16.70575417599441
KKYKLQSXKKQ,11,16.910109111471165
KKKKLSSLXKK,11,10.57544508991252
IRTKKKSGLQSG,12,25.563471702111112
KSTKISSSXGSN,12,16.422739905837055
ARITKKSLLQLKN,13,11.8229630216063
SRVKLGKGSLLGK,13,12.485656165624127
SKLKLKSLXQQ,11,10.18309039724455
KTYKKLSSXGQ,11,11.297220614861077
KTKLLKLXKKK,11,13.805782133889064
SSTKKLSSSQKN,12,11.083462791293083
VKYKLSSIGQ,10,18.17718916137073
ASTTQKSLXKLTK,13,12.723732522599564
AKITKGSSXKGGN,13,14.523484281279178
KKYLILSSXKKG,12,12.994892039954568
KSLKLSLSXGQ,11,10.11296451762907
KKLLLLLLXGK,11,32.55494345356056
KKIKLLSKHX,10,10.824845959647957
KKLKLLLSHGS,11,22.667681973085326
KKLKKSLXHKK,11,12.62630802338392
IKLIKSXLSKSN,12,20.05261722559005
KSTKKKKSLLLGK,13,13.431521224550734
KSIKKKLLSQLGK,13,10.081425734128018
KTYILSLXKKQ,11,16.106331810365855
STLKKLSSXKK,11,5.688976063226506
SSTKLLLSXKGK,12,8.736934507551272
VKLKLSLLHK,10,20.926416058656443
VSYKKSLSKGQ,11,14.114703215316574
KKTTQQSGLLGGN,13,17.043297486329514
KKYKLQSIGK,10,16.884958029764817
KKTKKKSSLQGN,12,15.912513587868965
KTYKSLLSHKK,11,11.038949602113478
KKLILLSSHGK,11,13.64863604403537
IKTKISXSSQGG,12,18.951387099146107
KKIKNQSXGX,10,10.460536609047356
VKIKLLSIGK,10,19.392602368458842
KRTKKKSLLKQG,12,12.978364241383455
IRIKIKXLXKGK,12,24.358593025725003
ITIKLSSLXK,10,10.563072344785837
KRVTQKSLLLLGN,13,14.866629807429293
SKTTKKSGSLGKK,13,10.08934870518107
ISYIKLLSXKS,11,17.718194789596826
KKLKQSLIXX,10,10.129890251942317
KSLLKSLXXKK,11,12.696586763302673
ARTSKKSSSQGGN,13,16.2689903643749
KSITQKSLLKLTN,13,13.207600073694518
KHVTKKLSSQSAK,13,14.949823837110298
VKIXLLSIGX,10,13.810466811236244
KTLKLLSXHKQ,11,11.33635158516733
SRTTLKLSXQSKN,13,11.166983054515304
KHTSKKLGXQLTK,13,15.973913622551018
ITYILSLLKGS,11,30.57107913476517
KKYKNSSIGK,10,15.679361972462043
IKYLISSSLKSN,12,24.371646066780446
IKLXLLSKXK,10,13.79856564060551
KTKKKSSLKGK,11,11.000853076377915
KRTKKKSGXKGGG,13,13.648186987221896
STLKSSLXGK,10,7.329633231244692
SKLXLLLKHK,10,15.166948129768187
SSTKKLLSSKQN,12,9.293174754723633
KTIISLSIGQ,10,20.84808219357164
SKISLKSLLKLTK,13,12.912001214426235
KKYKLLSSKGK,11,16.05037604383283
KKLKLSLKGQ,10,10.788993015573595
IKTKKLSSXKGK,12,9.542615257013047
IRTKKKXSLKSG,12,21.08755230156157
ITYKSLSLKQQ,11,16.116392038596622
KKLKNSLKXK,10,10.148644355917073
KNIKQSSIHQ,10,16.443650156989374
KSTILSSLXQGN,12,9.800468316831733
IRIKKLLSLQSK,12,18.605263219962612
AKVKKQSGXKSTK,13,13.395342144386357
SSTKKSSSSKGK,12,8.021331611991197
VKLXNLLKXQ,10,10.33374144420316
IKLKLLSLXQGN,12,26.70569459629726
SKTTLKSSSQLGN,13,10.760899023599157
KKLXSLSXGK,10,8.217499960328196
KKTKQKSGLWSTG,13,20.918345014857838
KRVTKKSGLKSTN,13,18.28911416292153
ITLLLLSSXGK,11,30.900328685168404
KTLKKSSSXGK,11,9.840935328627646
IRTKLLXSXGGK,12,15.19115540128221
IKYIKLSSHQQ,11,21.349187838032194
KKLKNLLKHK,10,10.871175486721663
KNYISLXIGX,10,14.811318543949419
KSYKLLSSKQK,11,11.44399833052842
VKYXLSSXHQ,10,13.805953295807981
VNLKNLSIXK,10,12.353381656128416
KHITLGSLXQGTK,13,13.077741277218287
AKIKKKSLLQSGK,13,10.303331788917994
KKLKLSXXGK,10,7.630028782610682
IKTKKKLGLQSK,12,19.79391269299736
KSTTKKSGSKLTN,13,10.863286045176908
KKLKNLLLGK,10,15.754117729051039
SRIKQQSGSWLAK,13,18.888375077454672
KRTKKKSLSLSGG,13,13.238199049322294
SRTTLGSLLLLAN,13,19.927462555637614
VKIKLSLKHX,10,12.884985237147648
KKYKKSSSHGK,11,14.363071791433086
KKTIKSXSSQQK,12,16.98421209261591
KKTKKKLSXQQG,12,15.01015366249743
SSTKILSSXKGN,12,8.285954033817132
VTKKKLLSHGK,11,11.12228558213365
KTYLLSQXKGS,11,13.17054507506221
IKTLKSSLSQGG,12,12.418084448232786
KRTSKKSGLLGAK,13,13.170121168027514
KKISLGSLXQGTG,13,14.13839057346459
SKTKKSSLXQSN,12,14.31916601731381
KTYKLLSIGK,10,19.752003110397112
SHTSKKSSSWLTK,13,15.300711230522376
KKLILSSSXKK,11,9.400525308469422
SKTLLLSSXQGN,12,11.628858151661849
VKIKLLSLGK,10,18.846441562869035
SKTKKLXSLKSN,12,12.754514973362339
KKILLLSKXX,10,11.13994439360635
KKTKQQSGXQLGK,13,17.849306992684127
KKTKKGSSLLGTN,13,19.635277554643295
KSYKLSQSKKQ,11,9.805144996382817
VTYILLLSKKK,11,22.277487962389813
KKTKLLXSLQKK,12,14.36283550817803
VNLKSSSIXQ,10,14.621833540191897
KRIKKQSSLKGGK,13,12.660751134715257
KKLKLSLXXX,10,9.087667181856823
SRTKKKSGLQGTN,13,23.04762556495218
KKTKKGSSSKGGG,13,13.499978247029514
KTLLLSLSKGK,11,20.028640931854078
KKLKLLSLHQ,10,18.101704540215827
KSTKKKSSLKSTK,13,8.577199453583802
KKLKLLLLHK,10,22.87338227397078
ARTKKKSGXQSAG,13,20.0295004863182
VTLKSQLXXQ,10,14.241158732501528
KKLKSLSSXGQ,11,11.121863960360784
VKKKYSLSKKS,11,15.879639833308897
SKLKNLSXXX,10,5.591998419938422
SKTLLSSGLQSK,12,13.50517414072439
KKTSLGSGLQGGG,13,20.64876193902134
SKLLLSLSHQQ,11,16.91045987163321
IKTLKLSSSGGN,12,10.123429361000008
KKTKISSSLGSK,12,14.692352885108438
SKIKKQLLSWGTG,13,24.42462700002326
KTIKNLSIGK,10,9.212269455274152
SNIXSQLIGK,10,13.931891237523745
SRTLKSSSSQQN,12,13.676959690798297
KSYKKLLXXKQ,11,9.368478492097227
SSTKKKSSLLLGN,13,11.238802730746455
KTLKLLXIGQ,10,19.383602392620883
SKTTLQSSSWGGK,13,11.378040311709137
AHTKLGLGLWSGG,13,16.784775250623255
KTYILSSSXKQ,11,10.395635761822133
IRTILSSSXQSN,12,17.078873400526728
KKILQSSIGX,10,6.526570100530865
KKYKLLLSXGSN,12,20.573208630556927
IKTKKSSLLKSK,12,9.602144837233858
IKLKNQLLXK,10,19.204651428549507
KKLKNLSIHK,10,11.173752967858565
ISIKKLSLLQSN,12,12.011031733859422
ISTIKKSLLGSK,12,10.351932564568436
KRTSKKSSSQLKG,13,13.372344923246512
KKYKLSSLHK,10,13.193034829266054
KKKKKQSSXQQ,11,18.057241937489252
ARIKKKSLSQLGN,13,10.513272252943887
ISLIKLLSXQS,11,21.253709169485877
KTLLLKSSHKQ,11,13.48514201173355
KKLKLLSKXK,10,10.86721320883868
KNYKLQSIHK,10,18.918300933602012
VKLKQQSIGX,10,12.856661669630025
VTLKLLSKHQ,10,19.920612679719774
SSTKIKSSSKSN,12,13.075041388308483
SKIKKLSSXKSG,12,10.237526694389901
KKTKILSSSGKG,12,14.708559364714331
KRTKLSLLSQKN,12,17.151360392906966
KHTKKQSGLQLTN,13,23.272038130480986
SSKLLSSSXGK,11,7.652161560858696
AKVTQQKLLLSGN,13,20.19522992149732
IKLKKLLSXGS,11,18.63681101862465
IKIKKSXGSQKN,12,22.50578511250329
ITLKKSSXKGS,11,10.844493671409866
SSTIISSLXQGN,12,8.826459091705935
SRTTKGKSLQSGK,13,12.758255845254554
KHITKKSSSLGTG,13,22.147680703515018
SSTTKQKSLQSKK,13,13.40095464800743
KSYKLSLSXGQ,11,10.930866707473559
ITYKLLSSHGK,11,15.228215879095623
STLKLLSSKGK,11,8.996876662036229
KTIKSSLKHX,10,6.778598958032603
SRTKQKLGXLSGK,13,21.54088947075769
KRTKKLSSSQKG,12,16.73156776197342
VKIKLLSKHX,10,14.03003715619741
SHTSLGSLLQSGK,13,6.21745852559843
IKKKKLSLXGS,11,15.189033143279671
KHTTKKSGXWGAK,13,19.97113473271319
KRTTKQLGLWLGN,13,12.851623358143236
KHTKKKKGXQGTN,13,28.823850698372176
SKYXNSSKXQ,10,14.304858455842293
SKTKILXSXKKK,12,15.48917867604906
SSTKIKSSSKGN,12,13.009368802438678
KRIILSXSSQGG,12,16.417525306121025
SSLKKLSSHGK,11,6.861328317869735
KRVTLKSSLWLGG,13,19.497176886221066
AKTTKQSLSQGGN,13,13.928503595308321
KKVKLKKGSQLGG,13,22.90974741690961
KKLKLLLKXX,10,11.578374815309099
SSTKKLSSXGGK,12,8.261351877266687
SKKLKLLLXKQ,11,15.25390286391942
KKTLKKLGXQKK,12,18.874050885210853
SKTTKKSSLLGAN,13,12.596814036834026
KKIKLKSLLQSGG,13,10.530765028642408
KTYLLQLSHKK,11,21.342215617824202
KKTKISXSLQSK,12,16.870524060877553
IKLKLLSKXX,10,12.681765647055053
KKYKKKSXXGS,11,16.63100636584105
IKLKKKSSLGGK,12,14.663366747397287
KNLKLSLIGK,10,11.844893978423945
KKTTKKSSLKGGN,13,12.593456778680467
KKLKLLSIHK,10,16.740342129325544
KSTKKLLSXKSK,12,8.551457302663202
KRTSKKKSLQLKN,13,15.597250226633756
VSLKKLLSKGQ,11,12.558972165258172
ITIKLSLIGK,10,21.536642625640084
KKLKLSLIGQ,10,16.393071688258853
IRTIKSSSSKSG,12,12.133621828381779
ITLILLLXXKK,11,29.061418463787362
KRTKKKSGLLGGG,13,16.752200216699674
KSILILSSSKSN,12,14.911673825054313
KSISLKSGLKLGN,13,7.241693302246705
KKKKLLLLKGQ,11,20.347136071159337
KHTTKGSGXLLGK,13,14.133965333543646
STYKLLSSXGQ,11,10.37997593269839
KKYKLKLXXKS,11,13.220791256941148
ITKKKLLSXGQ,11,11.409894362816523
SRTTKKLLLQLKG,13,17.403985440312386
KHTTLKSGSWGTK,13,14.324950425477178
SRITLKSLLQLGK,13,11.507339599474154
KKIKLQLIXK,10,16.512858421543214
KTILNSSKHK,10,8.674151070191273
SHTKQGLSSWSTK,13,23.368414604028523
KKLLLLSLKQS,11,21.449216829017406
VKYKLSLXGK,10,15.352468473765732
ISIKLLSGXGQN,12,16.29826692862619
VKLKLQSIHK,10,18.46653312334324
ARITKKSGLQSAK,13,11.547035943761173
VKLKLLSKXK,10,13.645912643779228
SKTKKSXSLKGN,12,13.717434328834035
KKLKSSLXHK,10,12.06935946975578
KTLKLSLXXK,10,9.33060383240517
IRTKKLSSXQSN,12,12.897365276826303
IKYLKSSSSKGN,12,13.94602193437538
KSLKKSSXKKK,11,8.025982087792675
KRITKKLLXLSGK,13,16.307809383710687
SSTIKSSGXQGN,12,15.173288446772444
KKIKKKSSXQGAN,13,20.62716106251898
AKTKKGSLLQLAG,13,13.631861772308385
KKIKLSSIGQ,10,10.917547122807546
KKVTLKLSLLGTN,13,33.899873199656554
VTYIKSSSXQQ,11,18.871985532926107
VTLLLLSSXGK,11,26.007450005749575
KKVTQKSSXWGTN,13,30.10219213972963
KTLKKLSSXKS,11,8.06960268950441
KKIINSSIXK,10,8.114601741959431
ITLIKQLSKKQ,11,16.456906692058336
KTIKNLLKGQ,10,13.432718947202403
SNLKLSSXXQ,10,6.4878393283897005
VNLKLQSIHQ,10,16.167257765828083
KRTKQQSLLWLAN,13,20.454078038205527
KKITLKSGLLLTK,13,19.109421472048332
AHTKKKLLLQGGK,13,17.289494915753433
VKLKLSSKHK,10,11.897432861363109
KTKLLSSLKGK,11,7.192774205905881
VKLKLSSXHQK,11,13.005786860762404
SSITLGLGLLSGN,13,16.025835013616774
KKLKLLSKHX,10,11.179082298980797
IKTIKSSSLQGN,12,15.65013742630498
KKLKLSSXHK,10,11.00258688892309
KKLKLKLSKQS,11,13.588551779387721
KHIKKGLGSQLAG,13,26.409551608305648
KKLXLLSIGX,10,10.681714697860295
KSTKLLLSXGGK,12,10.016658180120382
KKYLLQSLKGQ,11,19.634570673706452
ISTKKLSSLQGN,12,5.238328203562684
KSTKKKLSXGGN,12,14.209040975088607
KSIKKSSSXKKN,12,10.643008647810545
KKTLLSSLXQGN,12,15.268795608333388
SRTKLKSSLQGKN,13,10.943816372481756
KNILLSSLGK,10,7.824066912754156
KKTKILSLLKQN,12,11.944556253560938
KRTKKKSLLQLTG,13,11.789916415589687
KRTSKKLLSQLTN,13,13.493285123848555
VNLKNSLIHK,10,14.275874360897959
SSTLKLSSXKGK,12,5.332283058297464
SKTTKGSGLQGAN,13,18.17227531959027
KTYKKKSLXGS,11,18.11702773485969
ITYKKSLXXQS,11,18.091517844664633
KTLKLQSLHK,10,11.09287674177613
IKKKLLLSKKQ,11,12.112135199067685
KKKILLSSXQS,11,12.738004386824226
AKISKGSSSLLGN,13,10.788491429438444
KKYKNLSIHK,10,14.198478668483588
VKIKNSSKGK,10,8.20167504768057
KKIKLSLIXK,10,11.835519044282334
IKLKNSSLGK,10,8.058778155740884
KSTLKKSLSQQK,12,9.299691094903048
SHIKLQLSLQGAN,13,22.91612258546532
KRTSKGSSSQSTG,13,13.398513862374662
VTKKKSQSKGK,11,17.543041964511843
KKYKSSLIHQ,10,14.614950080315884
KKYLKKQLKQK,11,16.757349319985085
IRTLKKLSLQGN,12,23.397783517120587
KRITLKSLLQLGK,13,14.615960613183523
KKVKKQSLLQGGG,13,14.930592476507702
KKLKNSLXGQ,10,13.101556213384633
KKTTQKSLSQLKK,13,9.56007924189565
VKLKKLQSKGK,11,12.503944197350116
VKLKNLLIHX,10,12.293209434150832
ARTSKKLGXLLTN,13,15.17168955452904
VTYKNLSIHX,10,16.02207573150125
VNLKLSSXGK,10,9.316821567644636
SKTTQKSGSWLGK,13,12.563683070359764
ISTKKKXLXKKG,12,16.441729238061555
ITLKYSQXXQS,11,13.175796373289316
KKVKQKLSSWSAN,13,21.919389003278305
KRTTQKSGLKGKK,13,15.413695516872716
SSTLKSLLLGSG,12,13.01683978076392
ASTTKGSSXKGKN,13,17.230648731025
VTLINSSKXK,10,12.875152383275516
IKYKLSLSXKK,11,12.806019242618587
SRTKKGSGLQLKN,13,16.064246195965378
KKIKNLXIHK,10,11.862399021710766
SRTIKSSSXQGN,12,19.980064521464087
SRISKKSGLLLKG,13,11.580125104382223
ASVKKKSSSKGKG,13,9.097960349722019
KSTTLKSSLQLTG,13,8.13209452550391
KTLKLLSSXKK,11,7.108648737701987
VTLKYLSLKQS,11,21.61530631719381
IKLKLLLXXKQ,11,19.15738834503677
KTLLKSSLHQS,11,13.00382418903388
KSTKKSSSSKSG,12,9.756912772282686
KKTIKLXGXQSK,12,20.892591387906666
IKLKKLLXXGS,11,18.903165328807383
KNLKLSXXGX,10,6.416456995737866
KKIKKLLSXKSN,12,14.010041499934973
SKTKKGSSSLGAK,13,17.997125649768325
KSTLKKSGLKGK,12,6.333233265553566
KHVTKGSSSWLTK,13,17.520407869024694
KKTKISLSLQQG,12,16.489214162293926
KKIKKSLGLKGK,12,8.750599559306773
KKLKNSLIXQ,10,12.54650413651316
KKIKKKSSLLLGG,13,19.248777049875955
SSISKGKSLLGKN,13,10.743602847304324
SKYKLLSIGQ,10,18.187328698832815
ITYKSKSSXGK,11,21.334080847761992
VKLXQLSIGQ,10,15.23886841579725
SKYKLKLLXGS,11,19.859112268469524
KSTKLKSGLQSN,12,14.193872184407597
SSTIKKSSLQSK,12,12.15246041345478
KSTKKLLLSGQN,12,12.241490905463301
KSVSQGSGXQSTG,13,16.324544505213918
AKIKKGSSLQGGK,13,11.590894924665566
ISTKKKSGSQSK,12,17.06674338637604
KNIKNLSKXX,10,7.049377195985237
VNYKLLSLGX,10,18.742997700092786
KTYKLLSSXKK,11,8.456812536672068
KTYKYLSSHKK,11,12.244932417202476
KRTSKGSGLWLGK,13,13.993036573471379
VTLKLLSKHK,10,17.157536201014494
SRITKKLSLQGAK,13,9.972750507701518
KKLLLSXIGQ,10,13.664684873985633
KTYKLSSXHKK,11,11.599918449311447
ITYKLQSLHK,10,21.616800881140836
VTLILQLSKGK,11,30.40046176710304
KSYKLSQXHGK,11,8.462762599494663
KSTIKKLLXQSK,12,12.538202980419724
KTYKLKSSHQK,11,15.431098689781583
VKIKLSSKXK,10,10.635931402032702
ISTLKSSSSKGG,12,6.750332709823807
KKLKKLXSLKQG,12,13.662121135607771
KNYKLSSXXK,10,8.511465743190891
KHTKKKLGSQGGK,13,22.332650956673522
VKLKLLSLXQQ,11,23.133578598880607
VKLISSLIXK,10,18.377482477313496
IKLKLLQSKGS,11,19.53299847136431
KHTKKKSLLQLGK,13,10.535079346361185
KKYKLLLXXKQ,11,15.410612574577344
VKLLNSXKGK,10,9.614398273700203
KKLKNSSIXK,10,10.27981796656495
SKTKIKSSLQGG,12,11.10873804496017
VKLKNSSIGK,10,9.956241626292158
KNLXLSLIGX,10,11.734919838885494
ISLKKLLSKKQ,11,10.260926655863456
KSIKLSLSLKKK,12,12.874409543225715
KKLKLSSLHX,10,9.254388714880387
ISLILQQSXGK,11,17.545296523840303
